tokens/s, Drafted throughput: 64.80 tokens/s, Accepted: 336 tokens, Drafted: 648 tokens, Per-position acceptance rate: 0.681, 0.505, 0.370, Avg Draft acceptance rate: 51.9%
(APIServer pid=1) INFO 09-29 01:08:24 [loggers.py:310] Engine 000: Avg prompt throughput: 0.0 tokens/s, Avg generation throughput: 59.1 tokens/s, Running: 1 reqs, Waiting: 1 reqs, GPU KV cache usage: 24.2%, Prefix cache hit rate: 86.9%
(APIServer pid=1) INFO 09-29 01:08:24 [metrics.py:120] SpecDecoding metrics: Mean acceptance length: 2.72, Accepted throughput: 37.40 tokens/s, Drafted throughput: 65.10 tokens/s, Accepted: 374 tokens, Drafted: 651 tokens, Per-position acceptance rate: 0.728, 0.567, 0.429, Avg Draft acceptance rate: 57.5%
(APIServer pid=1) INFO 09-29 01:08:34 [loggers.py:310] Engine 000: Avg prompt throughput: 0.0 tokens/s, Avg generation throughput: 61.2 tokens/s, Running: 1 reqs, Waiting: 1 reqs, GPU KV cache usage: 24.2%, Prefix cache hit rate: 86.9%
(APIServer pid=1) INFO 09-29 01:08:34 [metrics.py:120] SpecDecoding metrics: Mean acceptance length: 2.70, Accepted throughput: 38.50 tokens/s, Drafted throughput: 68.10 tokens/s, Accepted: 385 tokens, Drafted: 681 tokens, Per-position acceptance rate: 0.736, 0.568, 0.392, Avg Draft acceptance rate: 56.5%
(APIServer pid=1) INFO 09-29 01:08:44 [loggers.py:310] Engine 000: Avg prompt throughput: 0.0 tokens/s, Avg generation throughput: 69.6 tokens/s, Running: 1 reqs, Waiting: 1 reqs, GPU KV cache usage: 24.2%, Prefix cache hit rate: 86.9%
(APIServer pid=1) INFO 09-29 01:08:44 [metrics.py:120] SpecDecoding metrics: Mean acceptance length: 2.94, Accepted throughput: 45.90 tokens/s, Drafted throughput: 71.09 tokens/s, Accepted: 459 tokens, Drafted: 711 tokens, Per-position acceptance rate: 0.810, 0.637, 0.489, Avg Draft acceptance rate: 64.6%
(APIServer pid=1) INFO 09-29 01:08:54 [loggers.py:310] Engine 000: Avg prompt throughput: 0.0 tokens/s, Avg generation throughput: 64.2 tokens/s, Running: 1 reqs, Waiting: 1 reqs, GPU KV cache usage: 24.7%, Prefix cache hit rate: 86.9%
(APIServer pid=1) INFO 09-29 01:08:54 [metrics.py:120] SpecDecoding metrics: Mean acceptance length: 2.66, Accepted throughput: 40.10 tokens/s, Drafted throughput: 72.30 tokens/s, Accepted: 401 tokens, Drafted: 723 tokens, Per-position acceptance rate: 0.714, 0.535, 0.415, Avg Draft acceptance rate: 55.5%
(APIServer pid=1) INFO 09-29 01:09:04 [loggers.py:310] Engine 000: Avg prompt throughput: 0.0 tokens/s, Avg generation throughput: 63.7 tokens/s, Running: 1 reqs, Waiting: 1 reqs, GPU KV cache usage: 24.7%, Prefix cache hit rate: 86.9%
(APIServer pid=1) INFO 09-29 01:09:04 [metrics.py:120] SpecDecoding metrics: Mean acceptance length: 2.68, Accepted throughput: 39.90 tokens/s, Drafted throughput: 71.39 tokens/s, Accepted: 399 tokens, Drafted: 714 tokens, Per-position acceptance rate: 0.735, 0.555, 0.387, Avg Draft acceptance rate: 55.9%
(APIServer pid=1) INFO 09-29 01:09:14 [loggers.py:310] Engine 000: Avg prompt throughput: 0.0 tokens/s, Avg generation throughput: 55.0 tokens/s, Running: 1 reqs, Waiting: 1 reqs, GPU KV cache usage: 25.3%, Prefix cache hit rate: 86.9%
(APIServer pid=1) INFO 09-29 01:09:14 [metrics.py:120] SpecDecoding metrics: Mean acceptance length: 2.50, Accepted throughput: 33.00 tokens/s, Drafted throughput: 66.00 tokens/s, Accepted: 330 tokens, Drafted: 660 tokens, Per-position acceptance rate: 0.695, 0.495, 0.309, Avg Draft acceptance rate: 50.0%
(APIServer pid=1) INFO 09-29 01:09:24 [loggers.py:310] Engine 000: Avg prompt throughput: 0.0 tokens/s, Avg generation throughput: 50.5 tokens/s, Running: 1 reqs, Waiting: 1 reqs, GPU KV cache usage: 25.3%, Prefix cache hit rate: 86.9%
(APIServer pid=1) INFO 09-29 01:09:24 [metrics.py:120] SpecDecoding metrics: Mean acceptance length: 2.20, Accepted throughput: 27.50 tokens/s, Drafted throughput: 69.00 tokens/s, Accepted: 275 tokens, Drafted: 690 tokens, Per-position acceptance rate: 0.570, 0.374, 0.252, Avg Draft acceptance rate: 39.9%
(APIServer pid=1) INFO 09-29 01:09:34 [loggers.py:310] Engine 000: Avg prompt throughput: 0.0 tokens/s, Avg generation throughput: 54.5 tokens/s, Running: 1 reqs, Waiting: 1 reqs, GPU KV cache usage: 25.3%, Prefix cache hit rate: 86.9%
(APIServer pid=1) INFO 09-29 01:09:34 [metrics.py:120] SpecDecoding metrics: Mean acceptance length: 2.35, Accepted throughput: 31.30 tokens/s, Drafted throughput: 69.59 tokens/s, Accepted: 313 tokens, Drafted: 696 tokens, Per-position acceptance rate: 0.612, 0.422, 0.315, Avg Draft acceptance rate: 45.0%
(APIServer pid=1) INFO 09-29 01:09:44 [loggers.py:310] Engine 000: Avg prompt throughput: 0.0 tokens/s, Avg generation throughput: 66.7 tokens/s, Running: 1 reqs, Waiting: 1 reqs, GPU KV cache usage: 25.8%, Prefix cache hit rate: 86.9%
(APIServer pid=1) INFO 09-29 01:09:44 [metrics.py:120] SpecDecoding metrics: Mean acceptance length: 3.06, Accepted throughput: 44.90 tokens/s, Drafted throughput: 65.39 tokens/s, Accepted: 449 tokens, Drafted: 654 tokens, Per-position acceptance rate: 0.853, 0.665, 0.541, Avg Draft acceptance rate: 68.7%
(APIServer pid=1) INFO:     <client_2>:56201 - "POST /v1/chat/completions HTTP/1.1" 200 OK
(APIServer pid=1) INFO 09-29 01:09:54 [loggers.py:310] Engine 000: Avg prompt throughput: 0.0 tokens/s, Avg generation throughput: 65.9 tokens/s, Running: 1 reqs, Waiting: 1 reqs, GPU KV cache usage: 25.8%, Prefix cache hit rate: 86.9%
(APIServer pid=1) INFO 09-29 01:09:54 [metrics.py:120] SpecDecoding metrics: Mean acceptance length: 3.26, Accepted throughput: 45.70 tokens/s, Drafted throughput: 60.60 tokens/s, Accepted: 457 tokens, Drafted: 606 tokens, Per-position acceptance rate: 0.837, 0.738, 0.688, Avg Draft acceptance rate: 75.4%
(APIServer pid=1) INFO 09-29 01:10:04 [loggers.py:310] Engine 000: Avg prompt throughput: 0.0 tokens/s, Avg generation throughput: 80.8 tokens/s, Running: 1 reqs, Waiting: 1 reqs, GPU KV cache usage: 26.3%, Prefix cache hit rate: 86.9%
(APIServer pid=1) INFO 09-29 01:10:04 [metrics.py:120] SpecDecoding metrics: Mean acceptance length: 3.74, Accepted throughput: 59.19 tokens/s, Drafted throughput: 64.79 tokens/s, Accepted: 592 tokens, Drafted: 648 tokens, Per-position acceptance rate: 0.954, 0.907, 0.880, Avg Draft acceptance rate: 91.4%
(APIServer pid=1) INFO 09-29 01:10:14 [loggers.py:310] Engine 000: Avg prompt throughput: 0.0 tokens/s, Avg generation throughput: 71.3 tokens/s, Running: 1 reqs, Waiting: 1 reqs, GPU KV cache usage: 26.3%, Prefix cache hit rate: 86.9%
(APIServer pid=1) INFO 09-29 01:10:14 [metrics.py:120] SpecDecoding metrics: Mean acceptance length: 3.83, Accepted throughput: 52.70 tokens/s, Drafted throughput: 55.80 tokens/s, Accepted: 527 tokens, Drafted: 558 tokens, Per-position acceptance rate: 0.968, 0.946, 0.919, Avg Draft acceptance rate: 94.4%
(APIServer pid=1) INFO 09-29 01:10:24 [loggers.py:310] Engine 000: Avg prompt throughput: 0.0 tokens/s, Avg generation throughput: 71.6 tokens/s, Running: 1 reqs, Waiting: 1 reqs, GPU KV cache usage: 26.3%, Prefix cache hit rate: 86.9%
(APIServer pid=1) INFO 09-29 01:10:24 [metrics.py:120] SpecDecoding metrics: Mean acceptance length: 3.85, Accepted throughput: 53.00 tokens/s, Drafted throughput: 55.80 tokens/s, Accepted: 530 tokens, Drafted: 558 tokens, Per-position acceptance rate: 0.984, 0.957, 0.909, Avg Draft acceptance rate: 95.0%
(APIServer pid=1) INFO:     <client_2>:59578 - "POST /v1/chat/completions HTTP/1.1" 200 OK
(APIServer pid=1) INFO 09-29 01:10:34 [loggers.py:310] Engine 000: Avg prompt throughput: 0.0 tokens/s, Avg generation throughput: 18.7 tokens/s, Running: 1 reqs, Waiting: 1 reqs, GPU KV cache usage: 13.9%, Prefix cache hit rate: 85.8%
(APIServer pid=1) INFO 09-29 01:10:34 [metrics.py:120] SpecDecoding metrics: Mean acceptance length: 3.58, Accepted throughput: 13.70 tokens/s, Drafted throughput: 15.90 tokens/s, Accepted: 137 tokens, Drafted: 159 tokens, Per-position acceptance rate: 0.925, 0.887, 0.774, Avg Draft acceptance rate: 86.2%
(APIServer pid=1) INFO 09-29 01:10:44 [loggers.py:310] Engine 000: Avg prompt throughput: 0.0 tokens/s, Avg generation throughput: 0.0 tokens/s, Running: 1 reqs, Waiting: 1 reqs, GPU KV cache usage: 17.5%, Prefix cache hit rate: 85.8%
(APIServer pid=1) INFO 09-29 01:10:54 [loggers.py:310] Engine 000: Avg prompt throughput: 3282.4 tokens/s, Avg generation throughput: 4.3 tokens/s, Running: 1 reqs, Waiting: 1 reqs, GPU KV cache usage: 19.6%, Prefix cache hit rate: 85.8%
(APIServer pid=1) INFO 09-29 01:10:54 [metrics.py:120] SpecDecoding metrics: Mean acceptance length: 3.23, Accepted throughput: 1.45 tokens/s, Drafted throughput: 1.95 tokens/s, Accepted: 29 tokens, Drafted: 39 tokens, Per-position acceptance rate: 0.846, 0.769, 0.615, Avg Draft acceptance rate: 74.4%
(APIServer pid=1) INFO:     <client_2>:56201 - "POST /v1/chat/completions HTTP/1.1" 200 OK
(APIServer pid=1) INFO 09-29 01:11:04 [loggers.py:310] Engine 000: Avg prompt throughput: 0.0 tokens/s, Avg generation throughput: 3.8 tokens/s, Running: 1 reqs, Waiting: 1 reqs, GPU KV cache usage: 20.1%, Prefix cache hit rate: 85.5%
(APIServer pid=1) INFO 09-29 01:11:04 [metrics.py:120] SpecDecoding metrics: Mean acceptance length: 4.00, Accepted throughput: 3.00 tokens/s, Drafted throughput: 3.00 tokens/s, Accepted: 30 tokens, Drafted: 30 tokens, Per-position acceptance rate: 1.000, 1.000, 1.000, Avg Draft acceptance rate: 100.0%
(APIServer pid=1) INFO 09-29 01:11:14 [loggers.py:310] Engine 000: Avg prompt throughput: 1223.8 tokens/s, Avg generation throughput: 53.4 tokens/s, Running: 1 reqs, Waiting: 1 reqs, GPU KV cache usage: 18.6%, Prefix cache hit rate: 85.5%
(APIServer pid=1) INFO 09-29 01:11:14 [metrics.py:120] SpecDecoding metrics: Mean acceptance length: 2.23, Accepted throughput: 29.40 tokens/s, Drafted throughput: 71.70 tokens/s, Accepted: 294 tokens, Drafted: 717 tokens, Per-position acceptance rate: 0.636, 0.360, 0.234, Avg Draft acceptance rate: 41.0%
(APIServer pid=1) INFO 09-29 01:11:24 [loggers.py:310] Engine 000: Avg prompt throughput: 0.0 tokens/s, Avg generation throughput: 56.1 tokens/s, Running: 1 reqs, Waiting: 1 reqs, GPU KV cache usage: 19.1%, Prefix cache hit rate: 85.5%
(APIServer pid=1) INFO 09-29 01:11:24 [metrics.py:120] SpecDecoding metrics: Mean acceptance length: 2.15, Accepted throughput: 30.00 tokens/s, Drafted throughput: 78.30 tokens/s, Accepted: 300 tokens, Drafted: 783 tokens, Per-position acceptance rate: 0.552, 0.368, 0.230, Avg Draft acceptance rate: 38.3%
(APIServer pid=1) INFO 09-29 01:11:34 [loggers.py:310] Engine 000: Avg prompt throughput: 0.0 tokens/s, Avg generation throughput: 55.7 tokens/s, Running: 1 reqs, Waiting: 1 reqs, GPU KV cache usage: 19.1%, Prefix cache hit rate: 85.5%
(APIServer pid=1) INFO 09-29 01:11:34 [metrics.py:120] SpecDecoding metrics: Mean acceptance length: 2.08, Accepted throughput: 28.90 tokens/s, Drafted throughput: 80.40 tokens/s, Accepted: 289 tokens, Drafted: 804 tokens, Per-position acceptance rate: 0.560, 0.336, 0.183, Avg Draft acceptance rate: 35.9%
(APIServer pid=1) INFO 09-29 01:11:44 [loggers.py:310] Engine 000: Avg prompt throughput: 0.0 tokens/s, Avg generation throughput: 68.7 tokens/s, Running: 1 reqs, Waiting: 1 reqs, GPU KV cache usage: 19.6%, Prefix cache hit rate: 85.5%
(APIServer pid=1) INFO 09-29 01:11:44 [metrics.py:120] SpecDecoding metrics: Mean acceptance length: 2.34, Accepted throughput: 39.30 tokens/s, Drafted throughput: 88.19 tokens/s, Accepted: 393 tokens, Drafted: 882 tokens, Per-position acceptance rate: 0.667, 0.432, 0.238, Avg Draft acceptance rate: 44.6%
(APIServer pid=1) INFO 09-29 01:11:54 [loggers.py:310] Engine 000: Avg prompt throughput: 0.0 tokens/s, Avg generation throughput: 52.2 tokens/s, Running: 1 reqs, Waiting: 1 reqs, GPU KV cache usage: 19.6%, Prefix cache hit rate: 85.5%
(APIServer pid=1) INFO 09-29 01:11:54 [metrics.py:120] SpecDecoding metrics: Mean acceptance length: 1.93, Accepted throughput: 25.20 tokens/s, Drafted throughput: 81.00 tokens/s, Accepted: 252 tokens, Drafted: 810 tokens, Per-position acceptance rate: 0.493, 0.285, 0.156, Avg Draft acceptance rate: 31.1%
(APIServer pid=1) INFO 09-29 01:12:04 [loggers.py:310] Engine 000: Avg prompt throughput: 0.0 tokens/s, Avg generation throughput: 67.8 tokens/s, Running: 1 reqs, Waiting: 1 reqs, GPU KV cache usage: 19.6%, Prefix cache hit rate: 85.5%
(APIServer pid=1) INFO 09-29 01:12:04 [metrics.py:120] SpecDecoding metrics: Mean acceptance length: 2.80, Accepted throughput: 43.60 tokens/s, Drafted throughput: 72.60 tokens/s, Accepted: 436 tokens, Drafted: 726 tokens, Per-position acceptance rate: 0.756, 0.574, 0.471, Avg Draft acceptance rate: 60.1%
(APIServer pid=1) INFO 09-29 01:12:14 [loggers.py:310] Engine 000: Avg prompt throughput: 0.0 tokens/s, Avg generation throughput: 49.3 tokens/s, Running: 1 reqs, Waiting: 1 reqs, GPU KV cache usage: 20.1%, Prefix cache hit rate: 85.5%
(APIServer pid=1) INFO 09-29 01:12:14 [metrics.py:120] SpecDecoding metrics: Mean acceptance length: 2.05, Accepted throughput: 25.30 tokens/s, Drafted throughput: 71.99 tokens/s, Accepted: 253 tokens, Drafted: 720 tokens, Per-position acceptance rate: 0.517, 0.329, 0.208, Avg Draft acceptance rate: 35.1%
(APIServer pid=1) INFO 09-29 01:12:24 [loggers.py:310] Engine 000: Avg prompt throughput: 0.0 tokens/s, Avg generation throughput: 51.1 tokens/s, Running: 1 reqs, Waiting: 1 reqs, GPU KV cache usage: 20.1%, Prefix cache hit rate: 85.5%
(APIServer pid=1) INFO 09-29 01:12:24 [metrics.py:120] SpecDecoding metrics: Mean acceptance length: 2.04, Accepted throughput: 26.00 tokens/s, Drafted throughput: 75.30 tokens/s, Accepted: 260 tokens, Drafted: 753 tokens, Per-position acceptance rate: 0.546, 0.299, 0.191, Avg Draft acceptance rate: 34.5%
(APIServer pid=1) INFO 09-29 01:12:34 [loggers.py:310] Engine 000: Avg prompt throughput: 0.0 tokens/s, Avg generation throughput: 64.3 tokens/s, Running: 1 reqs, Waiting: 1 reqs, GPU KV cache usage: 20.1%, Prefix cache hit rate: 85.5%
(APIServer pid=1) INFO 09-29 01:12:34 [metrics.py:120] SpecDecoding metrics: Mean acceptance length: 2.22, Accepted throughput: 35.40 tokens/s, Drafted throughput: 86.70 tokens/s, Accepted: 354 tokens, Drafted: 867 tokens, Per-position acceptance rate: 0.574, 0.394, 0.256, Avg Draft acceptance rate: 40.8%
(APIServer pid=1) INFO 09-29 01:12:44 [loggers.py:310] Engine 000: Avg prompt throughput: 0.0 tokens/s, Avg generation throughput: 59.8 tokens/s, Running: 1 reqs, Waiting: 1 reqs, GPU KV cache usage: 20.6%, Prefix cache hit rate: 85.5%
(APIServer pid=1) INFO 09-29 01:12:44 [metrics.py:120] SpecDecoding metrics: Mean acceptance length: 2.21, Accepted throughput: 32.80 tokens/s, Drafted throughput: 81.00 tokens/s, Accepted: 328 tokens, Drafted: 810 tokens, Per-position acceptance rate: 0.581, 0.378, 0.256, Avg Draft acceptance rate: 40.5%
(APIServer pid=1) INFO 09-29 01:12:54 [loggers.py:310] Engine 000: Avg prompt throughput: 0.0 tokens/s, Avg generation throughput: 67.2 tokens/s, Running: 1 reqs, Waiting: 1 reqs, GPU KV cache usage: 20.6%, Prefix cache hit rate: 85.5%
(APIServer pid=1) INFO 09-29 01:12:54 [metrics.py:120] SpecDecoding metrics: Mean acceptance length: 2.66, Accepted throughput: 41.90 tokens/s, Drafted throughput: 75.90 tokens/s, Accepted: 419 tokens, Drafted: 759 tokens, Per-position acceptance rate: 0.708, 0.538, 0.411, Avg Draft acceptance rate: 55.2%
(APIServer pid=1) INFO 09-29 01:13:04 [loggers.py:310] Engine 000: Avg prompt throughput: 0.0 tokens/s, Avg generation throughput: 62.1 tokens/s, Running: 1 reqs, Waiting: 1 reqs, GPU KV cache usage: 21.1%, Prefix cache hit rate: 85.5%
(APIServer pid=1) INFO 09-29 01:13:04 [metrics.py:120] SpecDecoding metrics: Mean acceptance length: 2.43, Accepted throughput: 36.50 tokens/s, Drafted throughput: 76.80 tokens/s, Accepted: 365 tokens, Drafted: 768 tokens, Per-position acceptance rate: 0.688, 0.445, 0.293, Avg Draft acceptance rate: 47.5%
(APIServer pid=1) INFO 09-29 01:13:14 [loggers.py:310] Engine 000: Avg prompt throughput: 0.0 tokens/s, Avg generation throughput: 51.7 tokens/s, Running: 1 reqs, Waiting: 1 reqs, GPU KV cache usage: 21.1%, Prefix cache hit rate: 85.5%
(APIServer pid=1) INFO 09-29 01:13:14 [metrics.py:120] SpecDecoding metrics: Mean acceptance length: 1.88, Accepted throughput: 24.20 tokens/s, Drafted throughput: 82.50 tokens/s, Accepted: 242 tokens, Drafted: 825 tokens, Per-position acceptance rate: 0.473, 0.258, 0.149, Avg Draft acceptance rate: 29.3%
(APIServer pid=1) INFO 09-29 01:13:24 [loggers.py:310] Engine 000: Avg prompt throughput: 0.0 tokens/s, Avg generation throughput: 57.3 tokens/s, Running: 1 reqs, Waiting: 1 reqs, GPU KV cache usage: 21.1%, Prefix cache hit rate: 85.5%
(APIServer pid=1) INFO 09-29 01:13:24 [metrics.py:120] SpecDecoding metrics: Mean acceptance length: 2.34, Accepted throughput: 32.80 tokens/s, Drafted throughput: 73.49 tokens/s, Accepted: 328 tokens, Drafted: 735 tokens, Per-position acceptance rate: 0.637, 0.404, 0.298, Avg Draft acceptance rate: 44.6%
(APIServer pid=1) INFO 09-29 01:13:34 [loggers.py:310] Engine 000: Avg prompt throughput: 0.0 tokens/s, Avg generation throughput: 61.1 tokens/s, Running: 1 reqs, Waiting: 1 reqs, GPU KV cache usage: 21.6%, Prefix cache hit rate: 85.5%
(APIServer pid=1) INFO 09-29 01:13:34 [metrics.py:120] SpecDecoding metrics: Mean acceptance length: 2.54, Accepted throughput: 37.00 tokens/s, Drafted throughput: 72.29 tokens/s, Accepted: 370 tokens, Drafted: 723 tokens, Per-position acceptance rate: 0.685, 0.485, 0.365, Avg Draft acceptance rate: 51.2%
(APIServer pid=1) INFO 09-29 01:13:44 [loggers.py:310] Engine 000: Avg prompt throughput: 0.0 tokens/s, Avg generation throughput: 56.8 tokens/s, Running: 1 reqs, Waiting: 1 reqs, GPU KV cache usage: 21.6%, Prefix cache hit rate: 85.5%
(APIServer pid=1) INFO 09-29 01:13:44 [metrics.py:120] SpecDecoding metrics: Mean acceptance length: 2.26, Accepted throughput: 31.70 tokens/s, Drafted throughput: 75.30 tokens/s, Accepted: 317 tokens, Drafted: 753 tokens, Per-position acceptance rate: 0.625, 0.390, 0.247, Avg Draft acceptance rate: 42.1%
(APIServer pid=1) INFO 09-29 01:13:54 [loggers.py:310] Engine 000: Avg prompt throughput: 0.0 tokens/s, Avg generation throughput: 49.9 tokens/s, Running: 1 reqs, Waiting: 1 reqs, GPU KV cache usage: 21.6%, Prefix cache hit rate: 85.5%
(APIServer pid=1) INFO 09-29 01:13:54 [metrics.py:120] SpecDecoding metrics: Mean acceptance length: 2.06, Accepted throughput: 25.70 tokens/s, Drafted throughput: 72.60 tokens/s, Accepted: 257 tokens, Drafted: 726 tokens, Per-position acceptance rate: 0.554, 0.322, 0.186, Avg Draft acceptance rate: 35.4%
(APIServer pid=1) INFO 09-29 01:14:04 [loggers.py:310] Engine 000: Avg prompt throughput: 0.0 tokens/s, Avg generation throughput: 54.1 tokens/s, Running: 1 reqs, Waiting: 1 reqs, GPU KV cache usage: 22.2%, Prefix cache hit rate: 85.5%
(APIServer pid=1) INFO 09-29 01:14:04 [metrics.py:120] SpecDecoding metrics: Mean acceptance length: 2.00, Accepted throughput: 27.10 tokens/s, Drafted throughput: 80.99 tokens/s, Accepted: 271 tokens, Drafted: 810 tokens, Per-position acceptance rate: 0.544, 0.293, 0.167, Avg Draft acceptance rate: 33.5%
(APIServer pid=1) INFO 09-29 01:14:14 [loggers.py:310] Engine 000: Avg prompt throughput: 0.0 tokens/s, Avg generation throughput: 58.7 tokens/s, Running: 1 reqs, Waiting: 1 reqs, GPU KV cache usage: 22.2%, Prefix cache hit rate: 85.5%
(APIServer pid=1) INFO 09-29 01:14:14 [metrics.py:120] SpecDecoding metrics: Mean acceptance length: 2.53, Accepted throughput: 35.50 tokens/s, Drafted throughput: 69.60 tokens/s, Accepted: 355 tokens, Drafted: 696 tokens, Per-position acceptance rate: 0.685, 0.470, 0.375, Avg Draft acceptance rate: 51.0%
(APIServer pid=1) INFO:     <client_2>:50787 - "POST /v1/chat/completions HTTP/1.1" 200 OK
(APIServer pid=1) INFO 09-29 01:14:24 [loggers.py:310] Engine 000: Avg prompt throughput: 0.0 tokens/s, Avg generation throughput: 55.2 tokens/s, Running: 1 reqs, Waiting: 1 reqs, GPU KV cache usage: 22.2%, Prefix cache hit rate: 85.5%
(APIServer pid=1) INFO 09-29 01:14:24 [metrics.py:120] SpecDecoding metrics: Mean acceptance length: 2.40, Accepted throughput: 32.20 tokens/s, Drafted throughput: 69.00 tokens/s, Accepted: 322 tokens, Drafted: 690 tokens, Per-position acceptance rate: 0.652, 0.443, 0.304, Avg Draft acceptance rate: 46.7%
(APIServer pid=1) INFO 09-29 01:14:34 [loggers.py:310] Engine 000: Avg prompt throughput: 0.0 tokens/s, Avg generation throughput: 68.6 tokens/s, Running: 1 reqs, Waiting: 1 reqs, GPU KV cache usage: 22.7%, Prefix cache hit rate: 85.5%
(APIServer pid=1) INFO 09-29 01:14:34 [metrics.py:120] SpecDecoding metrics: Mean acceptance length: 2.88, Accepted throughput: 44.80 tokens/s, Drafted throughput: 71.39 tokens/s, Accepted: 448 tokens, Drafted: 714 tokens, Per-position acceptance rate: 0.735, 0.613, 0.534, Avg Draft acceptance rate: 62.7%
(APIServer pid=1) INFO 09-29 01:14:44 [loggers.py:310] Engine 000: Avg prompt throughput: 0.0 tokens/s, Avg generation throughput: 58.7 tokens/s, Running: 1 reqs, Waiting: 1 reqs, GPU KV cache usage: 22.7%, Prefix cache hit rate: 85.5%
(APIServer pid=1) INFO 09-29 01:14:44 [metrics.py:120] SpecDecoding metrics: Mean acceptance length: 2.64, Accepted throughput: 36.50 tokens/s, Drafted throughput: 66.60 tokens/s, Accepted: 365 tokens, Drafted: 666 tokens, Per-position acceptance rate: 0.703, 0.545, 0.396, Avg Draft acceptance rate: 54.8%
(APIServer pid=1) INFO 09-29 01:14:54 [loggers.py:310] Engine 000: Avg prompt throughput: 0.0 tokens/s, Avg generation throughput: 48.6 tokens/s, Running: 1 reqs, Waiting: 1 reqs, GPU KV cache usage: 22.7%, Prefix cache hit rate: 85.5%
(APIServer pid=1) INFO 09-29 01:14:54 [metrics.py:120] SpecDecoding metrics: Mean acceptance length: 2.10, Accepted throughput: 25.50 tokens/s, Drafted throughput: 69.30 tokens/s, Accepted: 255 tokens, Drafted: 693 tokens, Per-position acceptance rate: 0.558, 0.338, 0.208, Avg Draft acceptance rate: 36.8%
(APIServer pid=1) INFO 09-29 01:15:04 [loggers.py:310] Engine 000: Avg prompt throughput: 0.0 tokens/s, Avg generation throughput: 50.6 tokens/s, Running: 1 reqs, Waiting: 1 reqs, GPU KV cache usage: 23.2%, Prefix cache hit rate: 85.5%
(APIServer pid=1) INFO 09-29 01:15:04 [metrics.py:120] SpecDecoding metrics: Mean acceptance length: 1.95, Accepted throughput: 24.60 tokens/s, Drafted throughput: 78.00 tokens/s, Accepted: 246 tokens, Drafted: 780 tokens, Per-position acceptance rate: 0.500, 0.285, 0.162, Avg Draft acceptance rate: 31.5%
(APIServer pid=1) INFO 09-29 01:15:14 [loggers.py:310] Engine 000: Avg prompt throughput: 0.0 tokens/s, Avg generation throughput: 66.5 tokens/s, Running: 1 reqs, Waiting: 1 reqs, GPU KV cache usage: 23.2%, Prefix cache hit rate: 85.5%
(APIServer pid=1) INFO 09-29 01:15:14 [metrics.py:120] SpecDecoding metrics: Mean acceptance length: 2.96, Accepted throughput: 43.99 tokens/s, Drafted throughput: 67.49 tokens/s, Accepted: 440 tokens, Drafted: 675 tokens, Per-position acceptance rate: 0.809, 0.622, 0.524, Avg Draft acceptance rate: 65.2%
(APIServer pid=1) INFO 09-29 01:15:24 [loggers.py:310] Engine 000: Avg prompt throughput: 0.0 tokens/s, Avg generation throughput: 57.9 tokens/s, Running: 1 reqs, Waiting: 1 reqs, GPU KV cache usage: 23.7%, Prefix cache hit rate: 85.5%
(APIServer pid=1) INFO 09-29 01:15:24 [metrics.py:120] SpecDecoding metrics: Mean acceptance length: 2.29, Accepted throughput: 32.60 tokens/s, Drafted throughput: 75.90 tokens/s, Accepted: 326 tokens, Drafted: 759 tokens, Per-position acceptance rate: 0.589, 0.411, 0.289, Avg Draft acceptance rate: 43.0%
(APIServer pid=1) INFO 09-29 01:15:34 [loggers.py:310] Engine 000: Avg prompt throughput: 0.0 tokens/s, Avg generation throughput: 60.4 tokens/s, Running: 1 reqs, Waiting: 1 reqs, GPU KV cache usage: 23.7%, Prefix cache hit rate: 85.5%
(APIServer pid=1) INFO 09-29 01:15:34 [metrics.py:120] SpecDecoding metrics: Mean acceptance length: 2.66, Accepted throughput: 37.70 tokens/s, Drafted throughput: 68.10 tokens/s, Accepted: 377 tokens, Drafted: 681 tokens, Per-position acceptance rate: 0.714, 0.537, 0.410, Avg Draft acceptance rate: 55.4%
(APIServer pid=1) INFO 09-29 01:15:44 [loggers.py:310] Engine 000: Avg prompt throughput: 0.0 tokens/s, Avg generation throughput: 50.4 tokens/s, Running: 1 reqs, Waiting: 1 reqs, GPU KV cache usage: 23.7%, Prefix cache hit rate: 85.5%
(APIServer pid=1) INFO 09-29 01:15:44 [metrics.py:120] SpecDecoding metrics: Mean acceptance length: 2.26, Accepted throughput: 28.10 tokens/s, Drafted throughput: 66.90 tokens/s, Accepted: 281 tokens, Drafted: 669 tokens, Per-position acceptance rate: 0.628, 0.390, 0.242, Avg Draft acceptance rate: 42.0%
(APIServer pid=1) INFO 09-29 01:15:54 [loggers.py:310] Engine 000: Avg prompt throughput: 0.0 tokens/s, Avg generation throughput: 68.6 tokens/s, Running: 1 reqs, Waiting: 1 reqs, GPU KV cache usage: 24.2%, Prefix cache hit rate: 85.5%
(APIServer pid=1) INFO 09-29 01:15:54 [metrics.py:120] SpecDecoding metrics: Mean acceptance length: 3.88, Accepted throughput: 50.90 tokens/s, Drafted throughput: 53.10 tokens/s, Accepted: 509 tokens, Drafted: 531 tokens, Per-position acceptance rate: 0.983, 0.960, 0.932, Avg Draft acceptance rate: 95.9%
(APIServer pid=1) INFO 09-29 01:16:04 [loggers.py:310] Engine 000: Avg prompt throughput: 0.0 tokens/s, Avg generation throughput: 77.6 tokens/s, Running: 1 reqs, Waiting: 1 reqs, GPU KV cache usage: 24.2%, Prefix cache hit rate: 85.5%
(APIServer pid=1) INFO 09-29 01:16:04 [metrics.py:120] SpecDecoding metrics: Mean acceptance length: 3.84, Accepted throughput: 57.39 tokens/s, Drafted throughput: 60.59 tokens/s, Accepted: 574 tokens, Drafted: 606 tokens, Per-position acceptance rate: 0.990, 0.950, 0.901, Avg Draft acceptance rate: 94.7%
(APIServer pid=1) INFO 09-29 01:16:14 [loggers.py:310] Engine 000: Avg prompt throughput: 0.0 tokens/s, Avg generation throughput: 69.5 tokens/s, Running: 1 reqs, Waiting: 1 reqs, GPU KV cache usage: 24.7%, Prefix cache hit rate: 85.5%
(APIServer pid=1) INFO 09-29 01:16:14 [metrics.py:120] SpecDecoding metrics: Mean acceptance length: 3.99, Accepted throughput: 52.09 tokens/s, Drafted throughput: 52.19 tokens/s, Accepted: 521 tokens, Drafted: 522 tokens, Per-position acceptance rate: 1.000, 1.000, 0.994, Avg Draft acceptance rate: 99.8%
(APIServer pid=1) INFO 09-29 01:16:24 [loggers.py:310] Engine 000: Avg prompt throughput: 0.0 tokens/s, Avg generation throughput: 69.7 tokens/s, Running: 1 reqs, Waiting: 1 reqs, GPU KV cache usage: 24.7%, Prefix cache hit rate: 85.5%
(APIServer pid=1) INFO 09-29 01:16:24 [metrics.py:120] SpecDecoding metrics: Mean acceptance length: 3.92, Accepted throughput: 51.90 tokens/s, Drafted throughput: 53.40 tokens/s, Accepted: 519 tokens, Drafted: 534 tokens, Per-position acceptance rate: 0.983, 0.978, 0.955, Avg Draft acceptance rate: 97.2%
(APIServer pid=1) INFO:     <client_2>:59578 - "POST /v1/chat/completions HTTP/1.1" 200 OK
(APIServer pid=1) INFO 09-29 01:16:34 [loggers.py:310] Engine 000: Avg prompt throughput: 0.0 tokens/s, Avg generation throughput: 61.9 tokens/s, Running: 0 reqs, Waiting: 1 reqs, GPU KV cache usage: 0.0%, Prefix cache hit rate: 85.5%
(APIServer pid=1) INFO 09-29 01:16:34 [metrics.py:120] SpecDecoding metrics: Mean acceptance length: 3.82, Accepted throughput: 45.90 tokens/s, Drafted throughput: 48.90 tokens/s, Accepted: 459 tokens, Drafted: 489 tokens, Per-position acceptance rate: 0.975, 0.945, 0.896, Avg Draft acceptance rate: 93.9%
(APIServer pid=1) INFO 09-29 01:16:44 [loggers.py:310] Engine 000: Avg prompt throughput: 731.9 tokens/s, Avg generation throughput: 19.5 tokens/s, Running: 0 reqs, Waiting: 1 reqs, GPU KV cache usage: 0.0%, Prefix cache hit rate: 85.4%
(APIServer pid=1) INFO 09-29 01:16:44 [metrics.py:120] SpecDecoding metrics: Mean acceptance length: 3.10, Accepted throughput: 13.20 tokens/s, Drafted throughput: 18.90 tokens/s, Accepted: 132 tokens, Drafted: 189 tokens, Per-position acceptance rate: 0.825, 0.683, 0.587, Avg Draft acceptance rate: 69.8%
(APIServer pid=1) INFO 09-29 01:16:54 [loggers.py:310] Engine 000: Avg prompt throughput: 0.0 tokens/s, Avg generation throughput: 0.0 tokens/s, Running: 1 reqs, Waiting: 0 reqs, GPU KV cache usage: 21.6%, Prefix cache hit rate: 85.2%
(APIServer pid=1) INFO 09-29 01:17:04 [loggers.py:310] Engine 000: Avg prompt throughput: 1094.7 tokens/s, Avg generation throughput: 63.3 tokens/s, Running: 1 reqs, Waiting: 0 reqs, GPU KV cache usage: 20.1%, Prefix cache hit rate: 85.2%
(APIServer pid=1) INFO 09-29 01:17:04 [metrics.py:120] SpecDecoding metrics: Mean acceptance length: 2.22, Accepted throughput: 17.35 tokens/s, Drafted throughput: 42.75 tokens/s, Accepted: 347 tokens, Drafted: 855 tokens, Per-position acceptance rate: 0.670, 0.347, 0.200, Avg Draft acceptance rate: 40.6%
(APIServer pid=1) INFO 09-29 01:17:14 [loggers.py:310] Engine 000: Avg prompt throughput: 0.0 tokens/s, Avg generation throughput: 53.2 tokens/s, Running: 1 reqs, Waiting: 0 reqs, GPU KV cache usage: 20.1%, Prefix cache hit rate: 85.2%
(APIServer pid=1) INFO 09-29 01:17:14 [metrics.py:120] SpecDecoding metrics: Mean acceptance length: 2.09, Accepted throughput: 27.80 tokens/s, Drafted throughput: 76.19 tokens/s, Accepted: 278 tokens, Drafted: 762 tokens, Per-position acceptance rate: 0.567, 0.346, 0.181, Avg Draft acceptance rate: 36.5%
(APIServer pid=1) INFO:     <client_2>:60782 - "POST /v1/chat/completions HTTP/1.1" 200 OK
(APIServer pid=1) INFO 09-29 01:17:24 [loggers.py:310] Engine 000: Avg prompt throughput: 0.0 tokens/s, Avg generation throughput: 57.9 tokens/s, Running: 1 reqs, Waiting: 1 reqs, GPU KV cache usage: 20.1%, Prefix cache hit rate: 85.2%
(APIServer pid=1) INFO 09-29 01:17:24 [metrics.py:120] SpecDecoding metrics: Mean acceptance length: 2.19, Accepted throughput: 31.50 tokens/s, Drafted throughput: 79.19 tokens/s, Accepted: 315 tokens, Drafted: 792 tokens, Per-position acceptance rate: 0.583, 0.367, 0.242, Avg Draft acceptance rate: 39.8%
(APIServer pid=1) INFO 09-29 01:17:34 [loggers.py:310] Engine 000: Avg prompt throughput: 0.0 tokens/s, Avg generation throughput: 58.2 tokens/s, Running: 1 reqs, Waiting: 1 reqs, GPU KV cache usage: 20.6%, Prefix cache hit rate: 85.2%
(APIServer pid=1) INFO 09-29 01:17:34 [metrics.py:120] SpecDecoding metrics: Mean acceptance length: 2.06, Accepted throughput: 29.90 tokens/s, Drafted throughput: 84.90 tokens/s, Accepted: 299 tokens, Drafted: 849 tokens, Per-position acceptance rate: 0.509, 0.314, 0.233, Avg Draft acceptance rate: 35.2%
(APIServer pid=1) INFO 09-29 01:17:44 [loggers.py:310] Engine 000: Avg prompt throughput: 0.0 tokens/s, Avg generation throughput: 59.4 tokens/s, Running: 1 reqs, Waiting: 1 reqs, GPU KV cache usage: 20.6%, Prefix cache hit rate: 85.2%
(APIServer pid=1) INFO 09-29 01:17:44 [metrics.py:120] SpecDecoding metrics: Mean acceptance length: 2.23, Accepted throughput: 32.80 tokens/s, Drafted throughput: 79.80 tokens/s, Accepted: 328 tokens, Drafted: 798 tokens, Per-position acceptance rate: 0.602, 0.383, 0.248, Avg Draft acceptance rate: 41.1%
(APIServer pid=1) INFO 09-29 01:17:54 [loggers.py:310] Engine 000: Avg prompt throughput: 0.0 tokens/s, Avg generation throughput: 61.0 tokens/s, Running: 1 reqs, Waiting: 1 reqs, GPU KV cache usage: 21.1%, Prefix cache hit rate: 85.2%
(APIServer pid=1) INFO 09-29 01:17:54 [metrics.py:120] SpecDecoding metrics: Mean acceptance length: 2.44, Accepted throughput: 36.00 tokens/s, Drafted throughput: 75.00 tokens/s, Accepted: 360 tokens, Drafted: 750 tokens, Per-position acceptance rate: 0.676, 0.460, 0.304, Avg Draft acceptance rate: 48.0%
(APIServer pid=1) INFO 09-29 01:18:04 [loggers.py:310] Engine 000: Avg prompt throughput: 0.0 tokens/s, Avg generation throughput: 64.8 tokens/s, Running: 1 reqs, Waiting: 1 reqs, GPU KV cache usage: 21.1%, Prefix cache hit rate: 85.2%
(APIServer pid=1) INFO 09-29 01:18:04 [metrics.py:120] SpecDecoding metrics: Mean acceptance length: 2.55, Accepted throughput: 39.40 tokens/s, Drafted throughput: 76.20 tokens/s, Accepted: 394 tokens, Drafted: 762 tokens, Per-position acceptance rate: 0.677, 0.492, 0.382, Avg Draft acceptance rate: 51.7%
(APIServer pid=1) INFO 09-29 01:18:14 [loggers.py:310] Engine 000: Avg prompt throughput: 0.0 tokens/s, Avg generation throughput: 70.6 tokens/s, Running: 1 reqs, Waiting: 1 reqs, GPU KV cache usage: 21.1%, Prefix cache hit rate: 85.2%
(APIServer pid=1) INFO 09-29 01:18:14 [metrics.py:120] SpecDecoding metrics: Mean acceptance length: 2.97, Accepted throughput: 46.80 tokens/s, Drafted throughput: 71.40 tokens/s, Accepted: 468 tokens, Drafted: 714 tokens, Per-position acceptance rate: 0.769, 0.664, 0.534, Avg Draft acceptance rate: 65.5%
(APIServer pid=1) INFO 09-29 01:18:24 [loggers.py:310] Engine 000: Avg prompt throughput: 0.0 tokens/s, Avg generation throughput: 73.9 tokens/s, Running: 1 reqs, Waiting: 1 reqs, GPU KV cache usage: 21.6%, Prefix cache hit rate: 85.2%
(APIServer pid=1) INFO 09-29 01:18:24 [metrics.py:120] SpecDecoding metrics: Mean acceptance length: 3.26, Accepted throughput: 51.20 tokens/s, Drafted throughput: 68.10 tokens/s, Accepted: 512 tokens, Drafted: 681 tokens, Per-position acceptance rate: 0.828, 0.744, 0.683, Avg Draft acceptance rate: 75.2%
(APIServer pid=1) INFO 09-29 01:18:34 [loggers.py:310] Engine 000: Avg prompt throughput: 0.0 tokens/s, Avg generation throughput: 62.8 tokens/s, Running: 1 reqs, Waiting: 1 reqs, GPU KV cache usage: 21.6%, Prefix cache hit rate: 85.2%
(APIServer pid=1) INFO 09-29 01:18:34 [metrics.py:120] SpecDecoding metrics: Mean acceptance length: 2.93, Accepted throughput: 41.40 tokens/s, Drafted throughput: 64.20 tokens/s, Accepted: 414 tokens, Drafted: 642 tokens, Per-position acceptance rate: 0.785, 0.617, 0.533, Avg Draft acceptance rate: 64.5%
(APIServer pid=1) INFO 09-29 01:18:44 [loggers.py:310] Engine 000: Avg prompt throughput: 0.0 tokens/s, Avg generation throughput: 60.3 tokens/s, Running: 1 reqs, Waiting: 1 reqs, GPU KV cache usage: 22.2%, Prefix cache hit rate: 85.2%
(APIServer pid=1) INFO 09-29 01:18:44 [metrics.py:120] SpecDecoding metrics: Mean acceptance length: 2.84, Accepted throughput: 39.10 tokens/s, Drafted throughput: 63.60 tokens/s, Accepted: 391 tokens, Drafted: 636 tokens, Per-position acceptance rate: 0.741, 0.608, 0.495, Avg Draft acceptance rate: 61.5%
(APIServer pid=1) INFO 09-29 01:18:54 [loggers.py:310] Engine 000: Avg prompt throughput: 0.0 tokens/s, Avg generation throughput: 68.6 tokens/s, Running: 1 reqs, Waiting: 1 reqs, GPU KV cache usage: 22.2%, Prefix cache hit rate: 85.2%
(APIServer pid=1) INFO 09-29 01:18:54 [metrics.py:120] SpecDecoding metrics: Mean acceptance length: 3.19, Accepted throughput: 47.10 tokens/s, Drafted throughput: 64.50 tokens/s, Accepted: 471 tokens, Drafted: 645 tokens, Per-position acceptance rate: 0.809, 0.726, 0.656, Avg Draft acceptance rate: 73.0%
(APIServer pid=1) INFO 09-29 01:19:04 [loggers.py:310] Engine 000: Avg prompt throughput: 0.0 tokens/s, Avg generation throughput: 81.0 tokens/s, Running: 1 reqs, Waiting: 1 reqs, GPU KV cache usage: 22.7%, Prefix cache hit rate: 85.2%
(APIServer pid=1) INFO 09-29 01:19:04 [metrics.py:120] SpecDecoding metrics: Mean acceptance length: 3.08, Accepted throughput: 54.70 tokens/s, Drafted throughput: 78.90 tokens/s, Accepted: 547 tokens, Drafted: 789 tokens, Per-position acceptance rate: 0.814, 0.673, 0.593, Avg Draft acceptance rate: 69.3%
(APIServer pid=1) INFO 09-29 01:19:14 [loggers.py:310] Engine 000: Avg prompt throughput: 0.0 tokens/s, Avg generation throughput: 61.7 tokens/s, Running: 1 reqs, Waiting: 1 reqs, GPU KV cache usage: 22.7%, Prefix cache hit rate: 85.2%
(APIServer pid=1) INFO 09-29 01:19:14 [metrics.py:120] SpecDecoding metrics: Mean acceptance length: 2.43, Accepted throughput: 36.30 tokens/s, Drafted throughput: 76.19 tokens/s, Accepted: 363 tokens, Drafted: 762 tokens, Per-position acceptance rate: 0.654, 0.429, 0.346, Avg Draft acceptance rate: 47.6%
(APIServer pid=1) INFO 09-29 01:19:24 [loggers.py:310] Engine 000: Avg prompt throughput: 0.0 tokens/s, Avg generation throughput: 73.9 tokens/s, Running: 1 reqs, Waiting: 1 reqs, GPU KV cache usage: 22.7%, Prefix cache hit rate: 85.2%
(APIServer pid=1) INFO 09-29 01:19:24 [metrics.py:120] SpecDecoding metrics: Mean acceptance length: 3.24, Accepted throughput: 51.10 tokens/s, Drafted throughput: 68.40 tokens/s, Accepted: 511 tokens, Drafted: 684 tokens, Per-position acceptance rate: 0.855, 0.741, 0.645, Avg Draft acceptance rate: 74.7%
(APIServer pid=1) INFO 09-29 01:19:34 [loggers.py:310] Engine 000: Avg prompt throughput: 0.0 tokens/s, Avg generation throughput: 63.2 tokens/s, Running: 1 reqs, Waiting: 1 reqs, GPU KV cache usage: 23.2%, Prefix cache hit rate: 85.2%
(APIServer pid=1) INFO 09-29 01:19:34 [metrics.py:120] SpecDecoding metrics: Mean acceptance length: 2.67, Accepted throughput: 39.50 tokens/s, Drafted throughput: 71.10 tokens/s, Accepted: 395 tokens, Drafted: 711 tokens, Per-position acceptance rate: 0.705, 0.557, 0.405, Avg Draft acceptance rate: 55.6%
(APIServer pid=1) INFO 09-29 01:19:44 [loggers.py:310] Engine 000: Avg prompt throughput: 0.0 tokens/s, Avg generation throughput: 58.9 tokens/s, Running: 1 reqs, Waiting: 1 reqs, GPU KV cache usage: 23.2%, Prefix cache hit rate: 85.2%
(APIServer pid=1) INFO 09-29 01:19:44 [metrics.py:120] SpecDecoding metrics: Mean acceptance length: 2.57, Accepted throughput: 36.00 tokens/s, Drafted throughput: 68.69 tokens/s, Accepted: 360 tokens, Drafted: 687 tokens, Per-position acceptance rate: 0.699, 0.515, 0.358, Avg Draft acceptance rate: 52.4%
(APIServer pid=1) INFO 09-29 01:19:54 [loggers.py:310] Engine 000: Avg prompt throughput: 0.0 tokens/s, Avg generation throughput: 67.2 tokens/s, Running: 1 reqs, Waiting: 1 reqs, GPU KV cache usage: 23.7%, Prefix cache hit rate: 85.2%
(APIServer pid=1) INFO 09-29 01:19:54 [metrics.py:120] SpecDecoding metrics: Mean acceptance length: 3.00, Accepted throughput: 44.80 tokens/s, Drafted throughput: 67.20 tokens/s, Accepted: 448 tokens, Drafted: 672 tokens, Per-position acceptance rate: 0.804, 0.643, 0.554, Avg Draft acceptance rate: 66.7%
(APIServer pid=1) INFO 09-29 01:20:04 [loggers.py:310] Engine 000: Avg prompt throughput: 0.0 tokens/s, Avg generation throughput: 60.1 tokens/s, Running: 1 reqs, Waiting: 1 reqs, GPU KV cache usage: 23.7%, Prefix cache hit rate: 85.2%
(APIServer pid=1) INFO 09-29 01:20:04 [metrics.py:120] SpecDecoding metrics: Mean acceptance length: 2.46, Accepted throughput: 35.70 tokens/s, Drafted throughput: 73.20 tokens/s, Accepted: 357 tokens, Drafted: 732 tokens, Per-position acceptance rate: 0.664, 0.451, 0.348, Avg Draft acceptance rate: 48.8%
(APIServer pid=1) INFO 09-29 01:20:14 [loggers.py:310] Engine 000: Avg prompt throughput: 0.0 tokens/s, Avg generation throughput: 51.9 tokens/s, Running: 1 reqs, Waiting: 1 reqs, GPU KV cache usage: 23.7%, Prefix cache hit rate: 85.2%
(APIServer pid=1) INFO 09-29 01:20:14 [metrics.py:120] SpecDecoding metrics: Mean acceptance length: 2.45, Accepted throughput: 30.70 tokens/s, Drafted throughput: 63.60 tokens/s, Accepted: 307 tokens, Drafted: 636 tokens, Per-position acceptance rate: 0.660, 0.458, 0.330, Avg Draft acceptance rate: 48.3%
(APIServer pid=1) INFO 09-29 01:20:24 [loggers.py:310] Engine 000: Avg prompt throughput: 0.0 tokens/s, Avg generation throughput: 66.6 tokens/s, Running: 1 reqs, Waiting: 1 reqs, GPU KV cache usage: 24.2%, Prefix cache hit rate: 85.2%
(APIServer pid=1) INFO 09-29 01:20:24 [metrics.py:120] SpecDecoding metrics: Mean acceptance length: 3.85, Accepted throughput: 49.29 tokens/s, Drafted throughput: 51.89 tokens/s, Accepted: 493 tokens, Drafted: 519 tokens, Per-position acceptance rate: 0.977, 0.948, 0.925, Avg Draft acceptance rate: 95.0%
(APIServer pid=1) INFO 09-29 01:20:34 [loggers.py:310] Engine 000: Avg prompt throughput: 0.0 tokens/s, Avg generation throughput: 74.1 tokens/s, Running: 1 reqs, Waiting: 1 reqs, GPU KV cache usage: 24.2%, Prefix cache hit rate: 85.2%
(APIServer pid=1) INFO 09-29 01:20:34 [metrics.py:120] SpecDecoding metrics: Mean acceptance length: 3.94, Accepted throughput: 55.29 tokens/s, Drafted throughput: 56.39 tokens/s, Accepted: 553 tokens, Drafted: 564 tokens, Per-position acceptance rate: 0.989, 0.984, 0.968, Avg Draft acceptance rate: 98.0%
(APIServer pid=1) INFO:     <client_2>:63422 - "POST /v1/chat/completions HTTP/1.1" 200 OK
(APIServer pid=1) INFO 09-29 01:20:44 [loggers.py:310] Engine 000: Avg prompt throughput: 0.0 tokens/s, Avg generation throughput: 68.0 tokens/s, Running: 1 reqs, Waiting: 1 reqs, GPU KV cache usage: 24.7%, Prefix cache hit rate: 85.2%
(APIServer pid=1) INFO 09-29 01:20:44 [metrics.py:120] SpecDecoding metrics: Mean acceptance length: 4.00, Accepted throughput: 50.99 tokens/s, Drafted throughput: 50.99 tokens/s, Accepted: 510 tokens, Drafted: 510 tokens, Per-position acceptance rate: 1.000, 1.000, 1.000, Avg Draft acceptance rate: 100.0%
(APIServer pid=1) INFO 09-29 01:20:54 [loggers.py:310] Engine 000: Avg prompt throughput: 0.0 tokens/s, Avg generation throughput: 67.2 tokens/s, Running: 1 reqs, Waiting: 1 reqs, GPU KV cache usage: 24.7%, Prefix cache hit rate: 85.2%
(APIServer pid=1) INFO 09-29 01:20:54 [metrics.py:120] SpecDecoding metrics: Mean acceptance length: 3.98, Accepted throughput: 50.29 tokens/s, Drafted throughput: 50.69 tokens/s, Accepted: 503 tokens, Drafted: 507 tokens, Per-position acceptance rate: 1.000, 0.994, 0.982, Avg Draft acceptance rate: 99.2%
(APIServer pid=1) INFO 09-29 01:21:04 [loggers.py:310] Engine 000: Avg prompt throughput: 0.0 tokens/s, Avg generation throughput: 66.9 tokens/s, Running: 1 reqs, Waiting: 1 reqs, GPU KV cache usage: 24.7%, Prefix cache hit rate: 85.2%
(APIServer pid=1) INFO 09-29 01:21:04 [metrics.py:120] SpecDecoding metrics: Mean acceptance length: 3.98, Accepted throughput: 50.09 tokens/s, Drafted throughput: 50.39 tokens/s, Accepted: 501 tokens, Drafted: 504 tokens, Per-position acceptance rate: 0.994, 0.994, 0.994, Avg Draft acceptance rate: 99.4%
(APIServer pid=1) INFO 09-29 01:21:14 [loggers.py:310] Engine 000: Avg prompt throughput: 0.0 tokens/s, Avg generation throughput: 67.9 tokens/s, Running: 1 reqs, Waiting: 1 reqs, GPU KV cache usage: 25.3%, Prefix cache hit rate: 85.2%
(APIServer pid=1) INFO 09-29 01:21:14 [metrics.py:120] SpecDecoding metrics: Mean acceptance length: 3.95, Accepted throughput: 50.69 tokens/s, Drafted throughput: 51.59 tokens/s, Accepted: 507 tokens, Drafted: 516 tokens, Per-position acceptance rate: 0.994, 0.983, 0.971, Avg Draft acceptance rate: 98.3%
(APIServer pid=1) INFO 09-29 01:21:24 [loggers.py:310] Engine 000: Avg prompt throughput: 0.0 tokens/s, Avg generation throughput: 71.9 tokens/s, Running: 1 reqs, Waiting: 1 reqs, GPU KV cache usage: 25.3%, Prefix cache hit rate: 85.2%
(APIServer pid=1) INFO 09-29 01:21:24 [metrics.py:120] SpecDecoding metrics: Mean acceptance length: 3.84, Accepted throughput: 53.18 tokens/s, Drafted throughput: 56.08 tokens/s, Accepted: 532 tokens, Drafted: 561 tokens, Per-position acceptance rate: 0.984, 0.952, 0.909, Avg Draft acceptance rate: 94.8%
(APIServer pid=1) INFO 09-29 01:21:34 [loggers.py:310] Engine 000: Avg prompt throughput: 0.0 tokens/s, Avg generation throughput: 69.3 tokens/s, Running: 1 reqs, Waiting: 1 reqs, GPU KV cache usage: 25.8%, Prefix cache hit rate: 85.2%
(APIServer pid=1) INFO 09-29 01:21:34 [metrics.py:120] SpecDecoding metrics: Mean acceptance length: 3.81, Accepted throughput: 51.08 tokens/s, Drafted throughput: 54.58 tokens/s, Accepted: 511 tokens, Drafted: 546 tokens, Per-position acceptance rate: 0.967, 0.934, 0.907, Avg Draft acceptance rate: 93.6%
(APIServer pid=1) INFO 09-29 01:21:44 [loggers.py:310] Engine 000: Avg prompt throughput: 0.0 tokens/s, Avg generation throughput: 65.4 tokens/s, Running: 1 reqs, Waiting: 1 reqs, GPU KV cache usage: 25.8%, Prefix cache hit rate: 85.2%
(APIServer pid=1) INFO 09-29 01:21:44 [metrics.py:120] SpecDecoding metrics: Mean acceptance length: 3.82, Accepted throughput: 48.28 tokens/s, Drafted throughput: 51.28 tokens/s, Accepted: 483 tokens, Drafted: 513 tokens, Per-position acceptance rate: 0.971, 0.930, 0.924, Avg Draft acceptance rate: 94.2%
(APIServer pid=1) INFO 09-29 01:21:54 [loggers.py:310] Engine 000: Avg prompt throughput: 0.0 tokens/s, Avg generation throughput: 68.3 tokens/s, Running: 1 reqs, Waiting: 1 reqs, GPU KV cache usage: 26.3%, Prefix cache hit rate: 85.2%
(APIServer pid=1) INFO 09-29 01:21:54 [metrics.py:120] SpecDecoding metrics: Mean acceptance length: 3.90, Accepted throughput: 50.78 tokens/s, Drafted throughput: 52.48 tokens/s, Accepted: 508 tokens, Drafted: 525 tokens, Per-position acceptance rate: 0.977, 0.966, 0.960, Avg Draft acceptance rate: 96.8%
(APIServer pid=1) INFO 09-29 01:22:04 [loggers.py:310] Engine 000: Avg prompt throughput: 0.0 tokens/s, Avg generation throughput: 73.9 tokens/s, Running: 1 reqs, Waiting: 1 reqs, GPU KV cache usage: 26.3%, Prefix cache hit rate: 85.2%
(APIServer pid=1) INFO 09-29 01:22:04 [metrics.py:120] SpecDecoding metrics: Mean acceptance length: 3.91, Accepted throughput: 54.98 tokens/s, Drafted throughput: 56.68 tokens/s, Accepted: 550 tokens, Drafted: 567 tokens, Per-position acceptance rate: 0.984, 0.968, 0.958, Avg Draft acceptance rate: 97.0%
(APIServer pid=1) INFO 09-29 01:22:14 [loggers.py:310] Engine 000: Avg prompt throughput: 0.0 tokens/s, Avg generation throughput: 71.3 tokens/s, Running: 1 reqs, Waiting: 1 reqs, GPU KV cache usage: 26.3%, Prefix cache hit rate: 85.2%
(APIServer pid=1) INFO 09-29 01:22:14 [metrics.py:120] SpecDecoding metrics: Mean acceptance length: 3.75, Accepted throughput: 52.28 tokens/s, Drafted throughput: 56.98 tokens/s, Accepted: 523 tokens, Drafted: 570 tokens, Per-position acceptance rate: 0.953, 0.911, 0.889, Avg Draft acceptance rate: 91.8%
(APIServer pid=1) INFO 09-29 01:22:24 [loggers.py:310] Engine 000: Avg prompt throughput: 0.0 tokens/s, Avg generation throughput: 75.6 tokens/s, Running: 1 reqs, Waiting: 1 reqs, GPU KV cache usage: 26.8%, Prefix cache hit rate: 85.2%
(APIServer pid=1) INFO 09-29 01:22:24 [metrics.py:120] SpecDecoding metrics: Mean acceptance length: 3.76, Accepted throughput: 55.47 tokens/s, Drafted throughput: 60.27 tokens/s, Accepted: 555 tokens, Drafted: 603 tokens, Per-position acceptance rate: 0.955, 0.920, 0.886, Avg Draft acceptance rate: 92.0%
(APIServer pid=1) INFO 09-29 01:22:34 [loggers.py:310] Engine 000: Avg prompt throughput: 0.0 tokens/s, Avg generation throughput: 69.8 tokens/s, Running: 1 reqs, Waiting: 1 reqs, GPU KV cache usage: 26.8%, Prefix cache hit rate: 85.2%
(APIServer pid=1) INFO 09-29 01:22:34 [metrics.py:120] SpecDecoding metrics: Mean acceptance length: 3.84, Accepted throughput: 51.57 tokens/s, Drafted throughput: 54.57 tokens/s, Accepted: 516 tokens, Drafted: 546 tokens, Per-position acceptance rate: 0.978, 0.951, 0.907, Avg Draft acceptance rate: 94.5%
(APIServer pid=1) INFO 09-29 01:22:44 [loggers.py:310] Engine 000: Avg prompt throughput: 0.0 tokens/s, Avg generation throughput: 71.2 tokens/s, Running: 1 reqs, Waiting: 1 reqs, GPU KV cache usage: 27.3%, Prefix cache hit rate: 85.2%
(APIServer pid=1) INFO 09-29 01:22:44 [metrics.py:120] SpecDecoding metrics: Mean acceptance length: 3.85, Accepted throughput: 52.70 tokens/s, Drafted throughput: 55.50 tokens/s, Accepted: 527 tokens, Drafted: 555 tokens, Per-position acceptance rate: 0.978, 0.962, 0.908, Avg Draft acceptance rate: 95.0%
(APIServer pid=1) INFO:     <client_2>:59578 - "POST /v1/chat/completions HTTP/1.1" 200 OK
(APIServer pid=1) INFO 09-29 01:22:54 [loggers.py:310] Engine 000: Avg prompt throughput: 0.0 tokens/s, Avg generation throughput: 26.6 tokens/s, Running: 1 reqs, Waiting: 1 reqs, GPU KV cache usage: 13.9%, Prefix cache hit rate: 84.1%
(APIServer pid=1) INFO 09-29 01:22:54 [metrics.py:120] SpecDecoding metrics: Mean acceptance length: 3.62, Accepted throughput: 19.40 tokens/s, Drafted throughput: 22.20 tokens/s, Accepted: 194 tokens, Drafted: 222 tokens, Per-position acceptance rate: 0.959, 0.892, 0.770, Avg Draft acceptance rate: 87.4%
(APIServer pid=1) INFO 09-29 01:23:04 [loggers.py:310] Engine 000: Avg prompt throughput: 0.0 tokens/s, Avg generation throughput: 0.0 tokens/s, Running: 1 reqs, Waiting: 1 reqs, GPU KV cache usage: 17.5%, Prefix cache hit rate: 84.1%
(APIServer pid=1) INFO 09-29 01:23:14 [loggers.py:310] Engine 000: Avg prompt throughput: 3305.1 tokens/s, Avg generation throughput: 5.7 tokens/s, Running: 1 reqs, Waiting: 1 reqs, GPU KV cache usage: 19.6%, Prefix cache hit rate: 84.1%
(APIServer pid=1) INFO 09-29 01:23:14 [metrics.py:120] SpecDecoding metrics: Mean acceptance length: 2.67, Accepted throughput: 1.75 tokens/s, Drafted throughput: 3.15 tokens/s, Accepted: 35 tokens, Drafted: 63 tokens, Per-position acceptance rate: 0.810, 0.571, 0.286, Avg Draft acceptance rate: 55.6%
(APIServer pid=1) INFO:     <client_2>:63422 - "POST /v1/chat/completions HTTP/1.1" 200 OK
(APIServer pid=1) INFO 09-29 01:23:24 [loggers.py:310] Engine 000: Avg prompt throughput: 0.0 tokens/s, Avg generation throughput: 16.3 tokens/s, Running: 1 reqs, Waiting: 1 reqs, GPU KV cache usage: 21.1%, Prefix cache hit rate: 83.6%
(APIServer pid=1) INFO 09-29 01:23:24 [metrics.py:120] SpecDecoding metrics: Mean acceptance length: 2.96, Accepted throughput: 10.80 tokens/s, Drafted throughput: 16.50 tokens/s, Accepted: 108 tokens, Drafted: 165 tokens, Per-position acceptance rate: 0.800, 0.636, 0.527, Avg Draft acceptance rate: 65.5%
(APIServer pid=1) INFO 09-29 01:23:34 [loggers.py:310] Engine 000: Avg prompt throughput: 2245.6 tokens/s, Avg generation throughput: 1.5 tokens/s, Running: 1 reqs, Waiting: 1 reqs, GPU KV cache usage: 23.7%, Prefix cache hit rate: 83.6%
(APIServer pid=1) INFO 09-29 01:23:34 [metrics.py:120] SpecDecoding metrics: Mean acceptance length: 2.00, Accepted throughput: 0.70 tokens/s, Drafted throughput: 2.10 tokens/s, Accepted: 7 tokens, Drafted: 21 tokens, Per-position acceptance rate: 0.429, 0.286, 0.286, Avg Draft acceptance rate: 33.3%
(APIServer pid=1) INFO 09-29 01:23:44 [loggers.py:310] Engine 000: Avg prompt throughput: 0.0 tokens/s, Avg generation throughput: 66.9 tokens/s, Running: 1 reqs, Waiting: 1 reqs, GPU KV cache usage: 23.7%, Prefix cache hit rate: 83.6%
(APIServer pid=1) INFO 09-29 01:23:44 [metrics.py:120] SpecDecoding metrics: Mean acceptance length: 2.70, Accepted throughput: 42.10 tokens/s, Drafted throughput: 74.40 tokens/s, Accepted: 421 tokens, Drafted: 744 tokens, Per-position acceptance rate: 0.714, 0.565, 0.419, Avg Draft acceptance rate: 56.6%
(APIServer pid=1) INFO 09-29 01:23:54 [loggers.py:310] Engine 000: Avg prompt throughput: 0.0 tokens/s, Avg generation throughput: 63.1 tokens/s, Running: 1 reqs, Waiting: 1 reqs, GPU KV cache usage: 23.7%, Prefix cache hit rate: 83.6%
(APIServer pid=1) INFO 09-29 01:23:54 [metrics.py:120] SpecDecoding metrics: Mean acceptance length: 3.97, Accepted throughput: 47.19 tokens/s, Drafted throughput: 47.69 tokens/s, Accepted: 472 tokens, Drafted: 477 tokens, Per-position acceptance rate: 1.000, 1.000, 0.969, Avg Draft acceptance rate: 99.0%
(APIServer pid=1) INFO 09-29 01:24:04 [loggers.py:310] Engine 000: Avg prompt throughput: 0.0 tokens/s, Avg generation throughput: 69.8 tokens/s, Running: 1 reqs, Waiting: 1 reqs, GPU KV cache usage: 24.2%, Prefix cache hit rate: 83.6%
(APIServer pid=1) INFO 09-29 01:24:04 [metrics.py:120] SpecDecoding metrics: Mean acceptance length: 3.99, Accepted throughput: 52.29 tokens/s, Drafted throughput: 52.49 tokens/s, Accepted: 523 tokens, Drafted: 525 tokens, Per-position acceptance rate: 1.000, 1.000, 0.989, Avg Draft acceptance rate: 99.6%
(APIServer pid=1) INFO 09-29 01:24:14 [loggers.py:310] Engine 000: Avg prompt throughput: 0.0 tokens/s, Avg generation throughput: 66.8 tokens/s, Running: 1 reqs, Waiting: 1 reqs, GPU KV cache usage: 24.2%, Prefix cache hit rate: 83.6%
(APIServer pid=1) INFO 09-29 01:24:14 [metrics.py:120] SpecDecoding metrics: Mean acceptance length: 4.00, Accepted throughput: 50.09 tokens/s, Drafted throughput: 50.09 tokens/s, Accepted: 501 tokens, Drafted: 501 tokens, Per-position acceptance rate: 1.000, 1.000, 1.000, Avg Draft acceptance rate: 100.0%
(APIServer pid=1) INFO 09-29 01:24:24 [loggers.py:310] Engine 000: Avg prompt throughput: 0.0 tokens/s, Avg generation throughput: 63.2 tokens/s, Running: 1 reqs, Waiting: 1 reqs, GPU KV cache usage: 24.7%, Prefix cache hit rate: 83.6%
(APIServer pid=1) INFO 09-29 01:24:24 [metrics.py:120] SpecDecoding metrics: Mean acceptance length: 4.00, Accepted throughput: 47.40 tokens/s, Drafted throughput: 47.40 tokens/s, Accepted: 474 tokens, Drafted: 474 tokens, Per-position acceptance rate: 1.000, 1.000, 1.000, Avg Draft acceptance rate: 100.0%
(APIServer pid=1) INFO 09-29 01:24:34 [loggers.py:310] Engine 000: Avg prompt throughput: 0.0 tokens/s, Avg generation throughput: 62.3 tokens/s, Running: 1 reqs, Waiting: 1 reqs, GPU KV cache usage: 24.7%, Prefix cache hit rate: 83.6%
(APIServer pid=1) INFO 09-29 01:24:34 [metrics.py:120] SpecDecoding metrics: Mean acceptance length: 3.97, Accepted throughput: 46.59 tokens/s, Drafted throughput: 47.09 tokens/s, Accepted: 466 tokens, Drafted: 471 tokens, Per-position acceptance rate: 1.000, 0.994, 0.975, Avg Draft acceptance rate: 98.9%
(APIServer pid=1) INFO:     <client_2>:63997 - "GET /v1/models HTTP/1.1" 200 OK
(APIServer pid=1) INFO 09-29 01:24:44 [loggers.py:310] Engine 000: Avg prompt throughput: 0.0 tokens/s, Avg generation throughput: 64.1 tokens/s, Running: 1 reqs, Waiting: 1 reqs, GPU KV cache usage: 24.7%, Prefix cache hit rate: 83.6%
(APIServer pid=1) INFO 09-29 01:24:44 [metrics.py:120] SpecDecoding metrics: Mean acceptance length: 3.98, Accepted throughput: 47.99 tokens/s, Drafted throughput: 48.29 tokens/s, Accepted: 480 tokens, Drafted: 483 tokens, Per-position acceptance rate: 1.000, 1.000, 0.981, Avg Draft acceptance rate: 99.4%
(APIServer pid=1) INFO 09-29 01:24:54 [loggers.py:310] Engine 000: Avg prompt throughput: 0.0 tokens/s, Avg generation throughput: 64.6 tokens/s, Running: 1 reqs, Waiting: 1 reqs, GPU KV cache usage: 25.3%, Prefix cache hit rate: 83.6%
(APIServer pid=1) INFO 09-29 01:24:54 [metrics.py:120] SpecDecoding metrics: Mean acceptance length: 3.96, Accepted throughput: 48.28 tokens/s, Drafted throughput: 48.88 tokens/s, Accepted: 483 tokens, Drafted: 489 tokens, Per-position acceptance rate: 1.000, 0.988, 0.975, Avg Draft acceptance rate: 98.8%
(APIServer pid=1) INFO 09-29 01:25:04 [loggers.py:310] Engine 000: Avg prompt throughput: 0.0 tokens/s, Avg generation throughput: 60.6 tokens/s, Running: 1 reqs, Waiting: 1 reqs, GPU KV cache usage: 25.3%, Prefix cache hit rate: 83.6%
(APIServer pid=1) INFO 09-29 01:25:04 [metrics.py:120] SpecDecoding metrics: Mean acceptance length: 3.99, Accepted throughput: 45.38 tokens/s, Drafted throughput: 45.58 tokens/s, Accepted: 454 tokens, Drafted: 456 tokens, Per-position acceptance rate: 1.000, 1.000, 0.987, Avg Draft acceptance rate: 99.6%
(APIServer pid=1) INFO 09-29 01:25:14 [loggers.py:310] Engine 000: Avg prompt throughput: 0.0 tokens/s, Avg generation throughput: 61.9 tokens/s, Running: 1 reqs, Waiting: 1 reqs, GPU KV cache usage: 25.8%, Prefix cache hit rate: 83.6%
(APIServer pid=1) INFO 09-29 01:25:14 [metrics.py:120] SpecDecoding metrics: Mean acceptance length: 3.99, Accepted throughput: 46.40 tokens/s, Drafted throughput: 46.50 tokens/s, Accepted: 464 tokens, Drafted: 465 tokens, Per-position acceptance rate: 1.000, 1.000, 0.994, Avg Draft acceptance rate: 99.8%
(APIServer pid=1) INFO 09-29 01:25:24 [loggers.py:310] Engine 000: Avg prompt throughput: 0.0 tokens/s, Avg generation throughput: 60.1 tokens/s, Running: 1 reqs, Waiting: 1 reqs, GPU KV cache usage: 25.8%, Prefix cache hit rate: 83.6%
(APIServer pid=1) INFO 09-29 01:25:24 [metrics.py:120] SpecDecoding metrics: Mean acceptance length: 3.98, Accepted throughput: 44.98 tokens/s, Drafted throughput: 45.28 tokens/s, Accepted: 450 tokens, Drafted: 453 tokens, Per-position acceptance rate: 1.000, 0.993, 0.987, Avg Draft acceptance rate: 99.3%
(APIServer pid=1) INFO 09-29 01:25:34 [loggers.py:310] Engine 000: Avg prompt throughput: 0.0 tokens/s, Avg generation throughput: 67.4 tokens/s, Running: 1 reqs, Waiting: 1 reqs, GPU KV cache usage: 25.8%, Prefix cache hit rate: 83.6%
(APIServer pid=1) INFO 09-29 01:25:34 [metrics.py:120] SpecDecoding metrics: Mean acceptance length: 3.99, Accepted throughput: 50.48 tokens/s, Drafted throughput: 50.68 tokens/s, Accepted: 505 tokens, Drafted: 507 tokens, Per-position acceptance rate: 1.000, 1.000, 0.988, Avg Draft acceptance rate: 99.6%
(APIServer pid=1) INFO 09-29 01:25:44 [loggers.py:310] Engine 000: Avg prompt throughput: 0.0 tokens/s, Avg generation throughput: 64.9 tokens/s, Running: 1 reqs, Waiting: 1 reqs, GPU KV cache usage: 26.3%, Prefix cache hit rate: 83.6%
(APIServer pid=1) INFO 09-29 01:25:44 [metrics.py:120] SpecDecoding metrics: Mean acceptance length: 3.98, Accepted throughput: 48.60 tokens/s, Drafted throughput: 48.90 tokens/s, Accepted: 486 tokens, Drafted: 489 tokens, Per-position acceptance rate: 1.000, 0.994, 0.988, Avg Draft acceptance rate: 99.4%
(APIServer pid=1) INFO 09-29 01:25:54 [loggers.py:310] Engine 000: Avg prompt throughput: 0.0 tokens/s, Avg generation throughput: 63.9 tokens/s, Running: 1 reqs, Waiting: 1 reqs, GPU KV cache usage: 26.3%, Prefix cache hit rate: 83.6%
(APIServer pid=1) INFO 09-29 01:25:54 [metrics.py:120] SpecDecoding metrics: Mean acceptance length: 3.99, Accepted throughput: 47.87 tokens/s, Drafted throughput: 47.97 tokens/s, Accepted: 479 tokens, Drafted: 480 tokens, Per-position acceptance rate: 1.000, 1.000, 0.994, Avg Draft acceptance rate: 99.8%
(APIServer pid=1) INFO 09-29 01:26:04 [loggers.py:310] Engine 000: Avg prompt throughput: 0.0 tokens/s, Avg generation throughput: 60.6 tokens/s, Running: 1 reqs, Waiting: 1 reqs, GPU KV cache usage: 26.8%, Prefix cache hit rate: 83.6%
(APIServer pid=1) INFO 09-29 01:26:04 [metrics.py:120] SpecDecoding metrics: Mean acceptance length: 3.99, Accepted throughput: 45.38 tokens/s, Drafted throughput: 45.58 tokens/s, Accepted: 454 tokens, Drafted: 456 tokens, Per-position acceptance rate: 1.000, 1.000, 0.987, Avg Draft acceptance rate: 99.6%
(APIServer pid=1) INFO 09-29 01:26:14 [loggers.py:310] Engine 000: Avg prompt throughput: 0.0 tokens/s, Avg generation throughput: 60.7 tokens/s, Running: 1 reqs, Waiting: 1 reqs, GPU KV cache usage: 26.8%, Prefix cache hit rate: 83.6%
(APIServer pid=1) INFO 09-29 01:26:14 [metrics.py:120] SpecDecoding metrics: Mean acceptance length: 3.99, Accepted throughput: 45.47 tokens/s, Drafted throughput: 45.57 tokens/s, Accepted: 455 tokens, Drafted: 456 tokens, Per-position acceptance rate: 1.000, 1.000, 0.993, Avg Draft acceptance rate: 99.8%
(APIServer pid=1) INFO 09-29 01:26:24 [loggers.py:310] Engine 000: Avg prompt throughput: 0.0 tokens/s, Avg generation throughput: 52.8 tokens/s, Running: 0 reqs, Waiting: 1 reqs, GPU KV cache usage: 0.0%, Prefix cache hit rate: 83.6%
(APIServer pid=1) INFO 09-29 01:26:24 [metrics.py:120] SpecDecoding metrics: Mean acceptance length: 3.87, Accepted throughput: 39.30 tokens/s, Drafted throughput: 41.10 tokens/s, Accepted: 393 tokens, Drafted: 411 tokens, Per-position acceptance rate: 0.985, 0.956, 0.927, Avg Draft acceptance rate: 95.6%
(APIServer pid=1) INFO:     <client_2>:59578 - "POST /v1/chat/completions HTTP/1.1" 200 OK
(APIServer pid=1) INFO 09-29 01:26:34 [loggers.py:310] Engine 000: Avg prompt throughput: 825.0 tokens/s, Avg generation throughput: 23.3 tokens/s, Running: 0 reqs, Waiting: 1 reqs, GPU KV cache usage: 0.0%, Prefix cache hit rate: 83.5%
(APIServer pid=1) INFO 09-29 01:26:34 [metrics.py:120] SpecDecoding metrics: Mean acceptance length: 3.01, Accepted throughput: 15.50 tokens/s, Drafted throughput: 23.10 tokens/s, Accepted: 155 tokens, Drafted: 231 tokens, Per-position acceptance rate: 0.818, 0.649, 0.545, Avg Draft acceptance rate: 67.1%
(APIServer pid=1) INFO:     <client_2>:54226 - "POST /v1/chat/completions HTTP/1.1" 200 OK
(APIServer pid=1) INFO 09-29 01:26:44 [loggers.py:310] Engine 000: Avg prompt throughput: 0.0 tokens/s, Avg generation throughput: 0.0 tokens/s, Running: 1 reqs, Waiting: 0 reqs, GPU KV cache usage: 26.3%, Prefix cache hit rate: 83.1%
(APIServer pid=1) INFO:     <client_2>:59578 - "POST /v1/chat/completions HTTP/1.1" 200 OK
(APIServer pid=1) INFO 09-29 01:26:54 [loggers.py:310] Engine 000: Avg prompt throughput: 2001.6 tokens/s, Avg generation throughput: 21.1 tokens/s, Running: 0 reqs, Waiting: 1 reqs, GPU KV cache usage: 0.0%, Prefix cache hit rate: 83.1%
(APIServer pid=1) INFO 09-29 01:26:54 [metrics.py:120] SpecDecoding metrics: Mean acceptance length: 2.90, Accepted throughput: 6.95 tokens/s, Drafted throughput: 10.95 tokens/s, Accepted: 139 tokens, Drafted: 219 tokens, Per-position acceptance rate: 0.781, 0.630, 0.493, Avg Draft acceptance rate: 63.5%
(APIServer pid=1) INFO:     <client_2>:54226 - "POST /v1/chat/completions HTTP/1.1" 200 OK
(APIServer pid=1) INFO 09-29 01:27:04 [loggers.py:310] Engine 000: Avg prompt throughput: 527.1 tokens/s, Avg generation throughput: 15.4 tokens/s, Running: 1 reqs, Waiting: 0 reqs, GPU KV cache usage: 26.3%, Prefix cache hit rate: 83.0%
(APIServer pid=1) INFO 09-29 01:27:04 [metrics.py:120] SpecDecoding metrics: Mean acceptance length: 2.64, Accepted throughput: 9.50 tokens/s, Drafted throughput: 17.40 tokens/s, Accepted: 95 tokens, Drafted: 174 tokens, Per-position acceptance rate: 0.707, 0.534, 0.397, Avg Draft acceptance rate: 54.6%
(APIServer pid=1) INFO 09-29 01:27:14 [loggers.py:310] Engine 000: Avg prompt throughput: 1223.3 tokens/s, Avg generation throughput: 16.5 tokens/s, Running: 1 reqs, Waiting: 1 reqs, GPU KV cache usage: 26.8%, Prefix cache hit rate: 83.0%
(APIServer pid=1) INFO 09-29 01:27:14 [metrics.py:120] SpecDecoding metrics: Mean acceptance length: 2.45, Accepted throughput: 9.70 tokens/s, Drafted throughput: 20.10 tokens/s, Accepted: 97 tokens, Drafted: 201 tokens, Per-position acceptance rate: 0.716, 0.403, 0.328, Avg Draft acceptance rate: 48.3%
(APIServer pid=1) INFO:     <client_2>:59578 - "POST /v1/chat/completions HTTP/1.1" 200 OK
(APIServer pid=1) INFO 09-29 01:27:24 [loggers.py:310] Engine 000: Avg prompt throughput: 536.5 tokens/s, Avg generation throughput: 29.2 tokens/s, Running: 0 reqs, Waiting: 1 reqs, GPU KV cache usage: 0.0%, Prefix cache hit rate: 83.0%
(APIServer pid=1) INFO 09-29 01:27:24 [metrics.py:120] SpecDecoding metrics: Mean acceptance length: 3.54, Accepted throughput: 21.10 tokens/s, Drafted throughput: 24.90 tokens/s, Accepted: 211 tokens, Drafted: 249 tokens, Per-position acceptance rate: 0.940, 0.843, 0.759, Avg Draft acceptance rate: 84.7%
(APIServer pid=1) INFO:     <client_2>:54226 - "POST /v1/chat/completions HTTP/1.1" 200 OK
(APIServer pid=1) INFO 09-29 01:27:34 [loggers.py:310] Engine 000: Avg prompt throughput: 0.0 tokens/s, Avg generation throughput: 0.0 tokens/s, Running: 1 reqs, Waiting: 1 reqs, GPU KV cache usage: 26.3%, Prefix cache hit rate: 82.9%
(APIServer pid=1) INFO 09-29 01:27:44 [loggers.py:310] Engine 000: Avg prompt throughput: 1248.6 tokens/s, Avg generation throughput: 66.6 tokens/s, Running: 1 reqs, Waiting: 1 reqs, GPU KV cache usage: 27.3%, Prefix cache hit rate: 82.9%
(APIServer pid=1) INFO 09-29 01:27:44 [metrics.py:120] SpecDecoding metrics: Mean acceptance length: 2.83, Accepted throughput: 21.50 tokens/s, Drafted throughput: 35.25 tokens/s, Accepted: 430 tokens, Drafted: 705 tokens, Per-position acceptance rate: 0.766, 0.591, 0.472, Avg Draft acceptance rate: 61.0%
(APIServer pid=1) INFO:     <client_2>:54800 - "POST /v1/chat/completions HTTP/1.1" 200 OK
(APIServer pid=1) INFO 09-29 01:27:54 [loggers.py:310] Engine 000: Avg prompt throughput: 552.5 tokens/s, Avg generation throughput: 30.4 tokens/s, Running: 1 reqs, Waiting: 1 reqs, GPU KV cache usage: 20.1%, Prefix cache hit rate: 82.9%
(APIServer pid=1) INFO 09-29 01:27:54 [metrics.py:120] SpecDecoding metrics: Mean acceptance length: 3.09, Accepted throughput: 20.70 tokens/s, Drafted throughput: 29.70 tokens/s, Accepted: 207 tokens, Drafted: 297 tokens, Per-position acceptance rate: 0.828, 0.677, 0.586, Avg Draft acceptance rate: 69.7%
(APIServer pid=1) INFO:     <client_2>:54226 - "POST /v1/chat/completions HTTP/1.1" 200 OK
(APIServer pid=1) INFO 09-29 01:28:04 [loggers.py:310] Engine 000: Avg prompt throughput: 0.0 tokens/s, Avg generation throughput: 9.0 tokens/s, Running: 1 reqs, Waiting: 1 reqs, GPU KV cache usage: 26.3%, Prefix cache hit rate: 82.8%
(APIServer pid=1) INFO 09-29 01:28:04 [metrics.py:120] SpecDecoding metrics: Mean acceptance length: 3.46, Accepted throughput: 6.40 tokens/s, Drafted throughput: 7.80 tokens/s, Accepted: 64 tokens, Drafted: 78 tokens, Per-position acceptance rate: 0.923, 0.846, 0.692, Avg Draft acceptance rate: 82.1%
(APIServer pid=1) INFO 09-29 01:28:14 [loggers.py:310] Engine 000: Avg prompt throughput: 1314.0 tokens/s, Avg generation throughput: 41.8 tokens/s, Running: 0 reqs, Waiting: 1 reqs, GPU KV cache usage: 0.0%, Prefix cache hit rate: 82.8%
(APIServer pid=1) INFO 09-29 01:28:14 [metrics.py:120] SpecDecoding metrics: Mean acceptance length: 3.08, Accepted throughput: 28.30 tokens/s, Drafted throughput: 40.80 tokens/s, Accepted: 283 tokens, Drafted: 408 tokens, Per-position acceptance rate: 0.801, 0.676, 0.603, Avg Draft acceptance rate: 69.4%
(APIServer pid=1) INFO:     <client_2>:58724 - "POST /v1/chat/completions HTTP/1.1" 200 OK
(APIServer pid=1) INFO 09-29 01:28:24 [loggers.py:310] Engine 000: Avg prompt throughput: 610.9 tokens/s, Avg generation throughput: 14.5 tokens/s, Running: 1 reqs, Waiting: 0 reqs, GPU KV cache usage: 27.8%, Prefix cache hit rate: 82.9%
(APIServer pid=1) INFO 09-29 01:28:24 [metrics.py:120] SpecDecoding metrics: Mean acceptance length: 3.37, Accepted throughput: 10.20 tokens/s, Drafted throughput: 12.90 tokens/s, Accepted: 102 tokens, Drafted: 129 tokens, Per-position acceptance rate: 0.860, 0.814, 0.698, Avg Draft acceptance rate: 79.1%
(APIServer pid=1) INFO 09-29 01:28:34 [loggers.py:310] Engine 000: Avg prompt throughput: 873.6 tokens/s, Avg generation throughput: 37.4 tokens/s, Running: 1 reqs, Waiting: 0 reqs, GPU KV cache usage: 27.3%, Prefix cache hit rate: 82.9%
(APIServer pid=1) INFO 09-29 01:28:34 [metrics.py:120] SpecDecoding metrics: Mean acceptance length: 2.94, Accepted throughput: 24.60 tokens/s, Drafted throughput: 38.10 tokens/s, Accepted: 246 tokens, Drafted: 381 tokens, Per-position acceptance rate: 0.795, 0.622, 0.520, Avg Draft acceptance rate: 64.6%
(APIServer pid=1) INFO:     <client_2>:58724 - "POST /v1/chat/completions HTTP/1.1" 200 OK
(APIServer pid=1) INFO 09-29 01:28:44 [loggers.py:310] Engine 000: Avg prompt throughput: 0.0 tokens/s, Avg generation throughput: 27.0 tokens/s, Running: 1 reqs, Waiting: 0 reqs, GPU KV cache usage: 10.3%, Prefix cache hit rate: 81.9%
(APIServer pid=1) INFO 09-29 01:28:44 [metrics.py:120] SpecDecoding metrics: Mean acceptance length: 2.57, Accepted throughput: 16.50 tokens/s, Drafted throughput: 31.50 tokens/s, Accepted: 165 tokens, Drafted: 315 tokens, Per-position acceptance rate: 0.695, 0.505, 0.371, Avg Draft acceptance rate: 52.4%
(APIServer pid=1) INFO 09-29 01:28:54 [loggers.py:310] Engine 000: Avg prompt throughput: 0.0 tokens/s, Avg generation throughput: 0.0 tokens/s, Running: 1 reqs, Waiting: 0 reqs, GPU KV cache usage: 17.5%, Prefix cache hit rate: 81.9%
(APIServer pid=1) INFO 09-29 01:29:14 [loggers.py:310] Engine 000: Avg prompt throughput: 3632.8 tokens/s, Avg generation throughput: 42.5 tokens/s, Running: 1 reqs, Waiting: 0 reqs, GPU KV cache usage: 20.6%, Prefix cache hit rate: 81.9%
(APIServer pid=1) INFO 09-29 01:29:14 [metrics.py:120] SpecDecoding metrics: Mean acceptance length: 2.34, Accepted throughput: 8.10 tokens/s, Drafted throughput: 18.10 tokens/s, Accepted: 243 tokens, Drafted: 543 tokens, Per-position acceptance rate: 0.635, 0.436, 0.271, Avg Draft acceptance rate: 44.8%
(APIServer pid=1) INFO 09-29 01:29:24 [loggers.py:310] Engine 000: Avg prompt throughput: 0.0 tokens/s, Avg generation throughput: 56.6 tokens/s, Running: 1 reqs, Waiting: 0 reqs, GPU KV cache usage: 21.1%, Prefix cache hit rate: 81.9%
(APIServer pid=1) INFO 09-29 01:29:24 [metrics.py:120] SpecDecoding metrics: Mean acceptance length: 2.29, Accepted throughput: 31.90 tokens/s, Drafted throughput: 74.09 tokens/s, Accepted: 319 tokens, Drafted: 741 tokens, Per-position acceptance rate: 0.623, 0.405, 0.263, Avg Draft acceptance rate: 43.0%
(APIServer pid=1) INFO:     <client_2>:58724 - "POST /v1/chat/completions HTTP/1.1" 200 OK
(APIServer pid=1) INFO:     <client_2>:63389 - "POST /v1/chat/completions HTTP/1.1" 200 OK
(APIServer pid=1) INFO 09-29 01:29:34 [loggers.py:310] Engine 000: Avg prompt throughput: 0.0 tokens/s, Avg generation throughput: 52.3 tokens/s, Running: 0 reqs, Waiting: 0 reqs, GPU KV cache usage: 0.0%, Prefix cache hit rate: 81.9%
(APIServer pid=1) INFO 09-29 01:29:34 [metrics.py:120] SpecDecoding metrics: Mean acceptance length: 2.27, Accepted throughput: 29.30 tokens/s, Drafted throughput: 69.30 tokens/s, Accepted: 293 tokens, Drafted: 693 tokens, Per-position acceptance rate: 0.667, 0.364, 0.238, Avg Draft acceptance rate: 42.3%
(APIServer pid=1) INFO 09-29 01:29:44 [loggers.py:310] Engine 000: Avg prompt throughput: 838.8 tokens/s, Avg generation throughput: 20.3 tokens/s, Running: 1 reqs, Waiting: 1 reqs, GPU KV cache usage: 21.1%, Prefix cache hit rate: 81.9%
(APIServer pid=1) INFO 09-29 01:29:44 [metrics.py:120] SpecDecoding metrics: Mean acceptance length: 2.66, Accepted throughput: 12.60 tokens/s, Drafted throughput: 22.80 tokens/s, Accepted: 126 tokens, Drafted: 228 tokens, Per-position acceptance rate: 0.789, 0.513, 0.355, Avg Draft acceptance rate: 55.3%
(APIServer pid=1) INFO:     <client_2>:58724 - "POST /v1/chat/completions HTTP/1.1" 200 OK
(APIServer pid=1) INFO 09-29 01:29:54 [loggers.py:310] Engine 000: Avg prompt throughput: 0.0 tokens/s, Avg generation throughput: 56.3 tokens/s, Running: 0 reqs, Waiting: 1 reqs, GPU KV cache usage: 0.0%, Prefix cache hit rate: 81.9%
(APIServer pid=1) INFO 09-29 01:29:54 [metrics.py:120] SpecDecoding metrics: Mean acceptance length: 2.84, Accepted throughput: 36.60 tokens/s, Drafted throughput: 59.70 tokens/s, Accepted: 366 tokens, Drafted: 597 tokens, Per-position acceptance rate: 0.754, 0.588, 0.497, Avg Draft acceptance rate: 61.3%
(APIServer pid=1) INFO 09-29 01:30:04 [loggers.py:310] Engine 000: Avg prompt throughput: 0.0 tokens/s, Avg generation throughput: 0.0 tokens/s, Running: 1 reqs, Waiting: 1 reqs, GPU KV cache usage: 16.5%, Prefix cache hit rate: 81.2%
(APIServer pid=1) INFO 09-29 01:30:14 [loggers.py:310] Engine 000: Avg prompt throughput: 2664.3 tokens/s, Avg generation throughput: 11.9 tokens/s, Running: 1 reqs, Waiting: 1 reqs, GPU KV cache usage: 17.5%, Prefix cache hit rate: 81.2%
(APIServer pid=1) INFO 09-29 01:30:14 [metrics.py:120] SpecDecoding metrics: Mean acceptance length: 3.58, Accepted throughput: 4.25 tokens/s, Drafted throughput: 4.95 tokens/s, Accepted: 85 tokens, Drafted: 99 tokens, Per-position acceptance rate: 0.970, 0.879, 0.727, Avg Draft acceptance rate: 85.9%
(APIServer pid=1) INFO:     <client_2>:63389 - "POST /v1/chat/completions HTTP/1.1" 200 OK
(APIServer pid=1) INFO 09-29 01:30:24 [loggers.py:310] Engine 000: Avg prompt throughput: 555.0 tokens/s, Avg generation throughput: 36.1 tokens/s, Running: 1 reqs, Waiting: 1 reqs, GPU KV cache usage: 21.1%, Prefix cache hit rate: 81.3%
(APIServer pid=1) INFO 09-29 01:30:24 [metrics.py:120] SpecDecoding metrics: Mean acceptance length: 3.20, Accepted throughput: 24.90 tokens/s, Drafted throughput: 33.90 tokens/s, Accepted: 249 tokens, Drafted: 339 tokens, Per-position acceptance rate: 0.814, 0.735, 0.655, Avg Draft acceptance rate: 73.5%
(APIServer pid=1) INFO:     <client_2>:58724 - "POST /v1/chat/completions HTTP/1.1" 200 OK
(APIServer pid=1) INFO 09-29 01:30:34 [loggers.py:310] Engine 000: Avg prompt throughput: 928.8 tokens/s, Avg generation throughput: 13.9 tokens/s, Running: 1 reqs, Waiting: 1 reqs, GPU KV cache usage: 17.5%, Prefix cache hit rate: 81.1%
(APIServer pid=1) INFO 09-29 01:30:34 [metrics.py:120] SpecDecoding metrics: Mean acceptance length: 3.83, Accepted throughput: 10.20 tokens/s, Drafted throughput: 10.80 tokens/s, Accepted: 102 tokens, Drafted: 108 tokens, Per-position acceptance rate: 0.972, 0.944, 0.917, Avg Draft acceptance rate: 94.4%
(APIServer pid=1) INFO:     <client_2>:63389 - "POST /v1/chat/completions HTTP/1.1" 200 OK
(APIServer pid=1) INFO 09-29 01:30:44 [loggers.py:310] Engine 000: Avg prompt throughput: 591.9 tokens/s, Avg generation throughput: 32.4 tokens/s, Running: 1 reqs, Waiting: 1 reqs, GPU KV cache usage: 21.1%, Prefix cache hit rate: 81.2%
(APIServer pid=1) INFO 09-29 01:30:44 [metrics.py:120] SpecDecoding metrics: Mean acceptance length: 3.32, Accepted throughput: 22.70 tokens/s, Drafted throughput: 29.40 tokens/s, Accepted: 227 tokens, Drafted: 294 tokens, Per-position acceptance rate: 0.888, 0.765, 0.663, Avg Draft acceptance rate: 77.2%
(APIServer pid=1) INFO:     <client_2>:58724 - "POST /v1/chat/completions HTTP/1.1" 200 OK
(APIServer pid=1) INFO 09-29 01:30:54 [loggers.py:310] Engine 000: Avg prompt throughput: 0.0 tokens/s, Avg generation throughput: 22.7 tokens/s, Running: 1 reqs, Waiting: 0 reqs, GPU KV cache usage: 20.1%, Prefix cache hit rate: 81.0%
(APIServer pid=1) INFO 09-29 01:30:54 [metrics.py:120] SpecDecoding metrics: Mean acceptance length: 3.88, Accepted throughput: 17.00 tokens/s, Drafted throughput: 17.70 tokens/s, Accepted: 170 tokens, Drafted: 177 tokens, Per-position acceptance rate: 1.000, 0.966, 0.915, Avg Draft acceptance rate: 96.0%
(APIServer pid=1) INFO:     <client_2>:63389 - "POST /v1/chat/completions HTTP/1.1" 200 OK
(APIServer pid=1) INFO 09-29 01:31:04 [loggers.py:310] Engine 000: Avg prompt throughput: 1173.8 tokens/s, Avg generation throughput: 15.4 tokens/s, Running: 1 reqs, Waiting: 0 reqs, GPU KV cache usage: 22.7%, Prefix cache hit rate: 81.0%
(APIServer pid=1) INFO 09-29 01:31:04 [metrics.py:120] SpecDecoding metrics: Mean acceptance length: 3.44, Accepted throughput: 11.00 tokens/s, Drafted throughput: 13.50 tokens/s, Accepted: 110 tokens, Drafted: 135 tokens, Per-position acceptance rate: 0.889, 0.822, 0.733, Avg Draft acceptance rate: 81.5%
(APIServer pid=1) INFO 09-29 01:31:14 [loggers.py:310] Engine 000: Avg prompt throughput: 633.2 tokens/s, Avg generation throughput: 14.9 tokens/s, Running: 1 reqs, Waiting: 0 reqs, GPU KV cache usage: 21.1%, Prefix cache hit rate: 80.9%
(APIServer pid=1) INFO 09-29 01:31:14 [metrics.py:120] SpecDecoding metrics: Mean acceptance length: 3.21, Accepted throughput: 10.40 tokens/s, Drafted throughput: 14.10 tokens/s, Accepted: 104 tokens, Drafted: 141 tokens, Per-position acceptance rate: 0.851, 0.745, 0.617, Avg Draft acceptance rate: 73.8%
(APIServer pid=1) INFO:     <client_2>:63389 - "POST /v1/chat/completions HTTP/1.1" 200 OK
(APIServer pid=1) INFO 09-29 01:31:24 [loggers.py:310] Engine 000: Avg prompt throughput: 1330.7 tokens/s, Avg generation throughput: 15.8 tokens/s, Running: 0 reqs, Waiting: 0 reqs, GPU KV cache usage: 0.0%, Prefix cache hit rate: 80.9%
(APIServer pid=1) INFO 09-29 01:31:24 [metrics.py:120] SpecDecoding metrics: Mean acceptance length: 3.48, Accepted throughput: 11.40 tokens/s, Drafted throughput: 13.80 tokens/s, Accepted: 114 tokens, Drafted: 138 tokens, Per-position acceptance rate: 0.848, 0.848, 0.783, Avg Draft acceptance rate: 82.6%
(APIServer pid=1) INFO 09-29 01:31:34 [loggers.py:310] Engine 000: Avg prompt throughput: 1347.9 tokens/s, Avg generation throughput: 3.7 tokens/s, Running: 1 reqs, Waiting: 0 reqs, GPU KV cache usage: 22.7%, Prefix cache hit rate: 80.7%
(APIServer pid=1) INFO 09-29 01:31:34 [metrics.py:120] SpecDecoding metrics: Mean acceptance length: 2.40, Accepted throughput: 2.10 tokens/s, Drafted throughput: 4.50 tokens/s, Accepted: 21 tokens, Drafted: 45 tokens, Per-position acceptance rate: 0.733, 0.400, 0.267, Avg Draft acceptance rate: 46.7%
(APIServer pid=1) INFO:     <client_2>:60447 - "POST /v1/chat/completions HTTP/1.1" 200 OK
(APIServer pid=1) INFO 09-29 01:31:44 [loggers.py:310] Engine 000: Avg prompt throughput: 0.0 tokens/s, Avg generation throughput: 66.8 tokens/s, Running: 1 reqs, Waiting: 1 reqs, GPU KV cache usage: 22.7%, Prefix cache hit rate: 80.7%
(APIServer pid=1) INFO 09-29 01:31:44 [metrics.py:120] SpecDecoding metrics: Mean acceptance length: 2.51, Accepted throughput: 40.20 tokens/s, Drafted throughput: 79.80 tokens/s, Accepted: 402 tokens, Drafted: 798 tokens, Per-position acceptance rate: 0.699, 0.462, 0.350, Avg Draft acceptance rate: 50.4%
(APIServer pid=1) INFO 09-29 01:31:54 [loggers.py:310] Engine 000: Avg prompt throughput: 0.0 tokens/s, Avg generation throughput: 66.4 tokens/s, Running: 1 reqs, Waiting: 1 reqs, GPU KV cache usage: 23.2%, Prefix cache hit rate: 80.7%
(APIServer pid=1) INFO 09-29 01:31:54 [metrics.py:120] SpecDecoding metrics: Mean acceptance length: 2.68, Accepted throughput: 41.60 tokens/s, Drafted throughput: 74.40 tokens/s, Accepted: 416 tokens, Drafted: 744 tokens, Per-position acceptance rate: 0.714, 0.552, 0.411, Avg Draft acceptance rate: 55.9%
(APIServer pid=1) INFO:     <client_2>:63389 - "POST /v1/chat/completions HTTP/1.1" 200 OK
(APIServer pid=1) INFO 09-29 01:32:04 [loggers.py:310] Engine 000: Avg prompt throughput: 0.0 tokens/s, Avg generation throughput: 22.5 tokens/s, Running: 1 reqs, Waiting: 0 reqs, GPU KV cache usage: 13.9%, Prefix cache hit rate: 79.9%
(APIServer pid=1) INFO 09-29 01:32:04 [metrics.py:120] SpecDecoding metrics: Mean acceptance length: 3.08, Accepted throughput: 15.20 tokens/s, Drafted throughput: 21.90 tokens/s, Accepted: 152 tokens, Drafted: 219 tokens, Per-position acceptance rate: 0.795, 0.685, 0.603, Avg Draft acceptance rate: 69.4%
(APIServer pid=1) INFO 09-29 01:32:14 [loggers.py:310] Engine 000: Avg prompt throughput: 0.0 tokens/s, Avg generation throughput: 0.0 tokens/s, Running: 1 reqs, Waiting: 1 reqs, GPU KV cache usage: 17.5%, Prefix cache hit rate: 79.9%
(APIServer pid=1) INFO:     <client_2>:60447 - "POST /v1/chat/completions HTTP/1.1" 200 OK
(APIServer pid=1) INFO 09-29 01:32:34 [loggers.py:310] Engine 000: Avg prompt throughput: 3846.1 tokens/s, Avg generation throughput: 10.9 tokens/s, Running: 1 reqs, Waiting: 0 reqs, GPU KV cache usage: 24.2%, Prefix cache hit rate: 79.8%
(APIServer pid=1) INFO 09-29 01:32:34 [metrics.py:120] SpecDecoding metrics: Mean acceptance length: 3.30, Accepted throughput: 2.53 tokens/s, Drafted throughput: 3.30 tokens/s, Accepted: 76 tokens, Drafted: 99 tokens, Per-position acceptance rate: 0.879, 0.758, 0.667, Avg Draft acceptance rate: 76.8%
(APIServer pid=1) INFO:     <scanner>:47450 - "GET / HTTP/1.1" 404 Not Found
(APIServer pid=1) INFO 09-29 01:32:44 [loggers.py:310] Engine 000: Avg prompt throughput: 1242.4 tokens/s, Avg generation throughput: 26.3 tokens/s, Running: 1 reqs, Waiting: 1 reqs, GPU KV cache usage: 23.7%, Prefix cache hit rate: 79.8%
(APIServer pid=1) INFO 09-29 01:32:44 [metrics.py:120] SpecDecoding metrics: Mean acceptance length: 2.20, Accepted throughput: 14.30 tokens/s, Drafted throughput: 35.70 tokens/s, Accepted: 143 tokens, Drafted: 357 tokens, Per-position acceptance rate: 0.597, 0.361, 0.244, Avg Draft acceptance rate: 40.1%
(APIServer pid=1) INFO 09-29 01:32:54 [loggers.py:310] Engine 000: Avg prompt throughput: 0.0 tokens/s, Avg generation throughput: 64.4 tokens/s, Running: 1 reqs, Waiting: 1 reqs, GPU KV cache usage: 24.2%, Prefix cache hit rate: 79.8%
(APIServer pid=1) INFO 09-29 01:32:54 [metrics.py:120] SpecDecoding metrics: Mean acceptance length: 2.53, Accepted throughput: 38.90 tokens/s, Drafted throughput: 76.50 tokens/s, Accepted: 389 tokens, Drafted: 765 tokens, Per-position acceptance rate: 0.675, 0.482, 0.369, Avg Draft acceptance rate: 50.8%
(APIServer pid=1) INFO 09-29 01:33:04 [loggers.py:310] Engine 000: Avg prompt throughput: 0.0 tokens/s, Avg generation throughput: 58.9 tokens/s, Running: 1 reqs, Waiting: 1 reqs, GPU KV cache usage: 24.2%, Prefix cache hit rate: 79.8%
(APIServer pid=1) INFO 09-29 01:33:04 [metrics.py:120] SpecDecoding metrics: Mean acceptance length: 2.25, Accepted throughput: 32.70 tokens/s, Drafted throughput: 78.60 tokens/s, Accepted: 327 tokens, Drafted: 786 tokens, Per-position acceptance rate: 0.588, 0.389, 0.271, Avg Draft acceptance rate: 41.6%
(APIServer pid=1) INFO 09-29 01:33:14 [loggers.py:310] Engine 000: Avg prompt throughput: 0.0 tokens/s, Avg generation throughput: 67.6 tokens/s, Running: 1 reqs, Waiting: 1 reqs, GPU KV cache usage: 24.7%, Prefix cache hit rate: 79.8%
(APIServer pid=1) INFO 09-29 01:33:14 [metrics.py:120] SpecDecoding metrics: Mean acceptance length: 3.28, Accepted throughput: 47.00 tokens/s, Drafted throughput: 61.80 tokens/s, Accepted: 470 tokens, Drafted: 618 tokens, Per-position acceptance rate: 0.859, 0.767, 0.655, Avg Draft acceptance rate: 76.1%
(APIServer pid=1) INFO 09-29 01:33:24 [loggers.py:310] Engine 000: Avg prompt throughput: 0.0 tokens/s, Avg generation throughput: 54.3 tokens/s, Running: 1 reqs, Waiting: 1 reqs, GPU KV cache usage: 24.7%, Prefix cache hit rate: 79.8%
(APIServer pid=1) INFO 09-29 01:33:24 [metrics.py:120] SpecDecoding metrics: Mean acceptance length: 2.03, Accepted throughput: 27.60 tokens/s, Drafted throughput: 80.10 tokens/s, Accepted: 276 tokens, Drafted: 801 tokens, Per-position acceptance rate: 0.547, 0.348, 0.139, Avg Draft acceptance rate: 34.5%
(APIServer pid=1) INFO 09-29 01:33:34 [loggers.py:310] Engine 000: Avg prompt throughput: 0.0 tokens/s, Avg generation throughput: 62.1 tokens/s, Running: 1 reqs, Waiting: 1 reqs, GPU KV cache usage: 24.7%, Prefix cache hit rate: 79.8%
(APIServer pid=1) INFO 09-29 01:33:34 [metrics.py:120] SpecDecoding metrics: Mean acceptance length: 2.26, Accepted throughput: 34.60 tokens/s, Drafted throughput: 82.50 tokens/s, Accepted: 346 tokens, Drafted: 825 tokens, Per-position acceptance rate: 0.622, 0.418, 0.218, Avg Draft acceptance rate: 41.9%
(APIServer pid=1) INFO 09-29 01:33:44 [loggers.py:310] Engine 000: Avg prompt throughput: 0.0 tokens/s, Avg generation throughput: 63.3 tokens/s, Running: 1 reqs, Waiting: 1 reqs, GPU KV cache usage: 25.3%, Prefix cache hit rate: 79.8%
(APIServer pid=1) INFO 09-29 01:33:44 [metrics.py:120] SpecDecoding metrics: Mean acceptance length: 2.28, Accepted throughput: 35.50 tokens/s, Drafted throughput: 83.40 tokens/s, Accepted: 355 tokens, Drafted: 834 tokens, Per-position acceptance rate: 0.615, 0.399, 0.263, Avg Draft acceptance rate: 42.6%
(APIServer pid=1) INFO 09-29 01:33:54 [loggers.py:310] Engine 000: Avg prompt throughput: 0.0 tokens/s, Avg generation throughput: 68.4 tokens/s, Running: 1 reqs, Waiting: 1 reqs, GPU KV cache usage: 25.3%, Prefix cache hit rate: 79.8%
(APIServer pid=1) INFO 09-29 01:33:54 [metrics.py:120] SpecDecoding metrics: Mean acceptance length: 2.56, Accepted throughput: 41.70 tokens/s, Drafted throughput: 80.10 tokens/s, Accepted: 417 tokens, Drafted: 801 tokens, Per-position acceptance rate: 0.667, 0.498, 0.397, Avg Draft acceptance rate: 52.1%
(APIServer pid=1) INFO 09-29 01:34:04 [loggers.py:310] Engine 000: Avg prompt throughput: 0.0 tokens/s, Avg generation throughput: 51.8 tokens/s, Running: 1 reqs, Waiting: 1 reqs, GPU KV cache usage: 25.3%, Prefix cache hit rate: 79.8%
(APIServer pid=1) INFO 09-29 01:34:04 [metrics.py:120] SpecDecoding metrics: Mean acceptance length: 1.96, Accepted throughput: 25.40 tokens/s, Drafted throughput: 79.20 tokens/s, Accepted: 254 tokens, Drafted: 792 tokens, Per-position acceptance rate: 0.492, 0.288, 0.182, Avg Draft acceptance rate: 32.1%
(APIServer pid=1) INFO 09-29 01:34:14 [loggers.py:310] Engine 000: Avg prompt throughput: 0.0 tokens/s, Avg generation throughput: 54.8 tokens/s, Running: 1 reqs, Waiting: 1 reqs, GPU KV cache usage: 25.8%, Prefix cache hit rate: 79.8%
(APIServer pid=1) INFO 09-29 01:34:14 [metrics.py:120] SpecDecoding metrics: Mean acceptance length: 2.05, Accepted throughput: 28.10 tokens/s, Drafted throughput: 80.10 tokens/s, Accepted: 281 tokens, Drafted: 801 tokens, Per-position acceptance rate: 0.543, 0.307, 0.202, Avg Draft acceptance rate: 35.1%
(APIServer pid=1) INFO 09-29 01:34:24 [loggers.py:310] Engine 000: Avg prompt throughput: 0.0 tokens/s, Avg generation throughput: 62.6 tokens/s, Running: 1 reqs, Waiting: 1 reqs, GPU KV cache usage: 25.8%, Prefix cache hit rate: 79.8%
(APIServer pid=1) INFO 09-29 01:34:24 [metrics.py:120] SpecDecoding metrics: Mean acceptance length: 2.56, Accepted throughput: 38.10 tokens/s, Drafted throughput: 73.50 tokens/s, Accepted: 381 tokens, Drafted: 735 tokens, Per-position acceptance rate: 0.718, 0.482, 0.355, Avg Draft acceptance rate: 51.8%
(APIServer pid=1) INFO 09-29 01:34:34 [loggers.py:310] Engine 000: Avg prompt throughput: 0.0 tokens/s, Avg generation throughput: 52.2 tokens/s, Running: 1 reqs, Waiting: 1 reqs, GPU KV cache usage: 26.3%, Prefix cache hit rate: 79.8%
(APIServer pid=1) INFO 09-29 01:34:34 [metrics.py:120] SpecDecoding metrics: Mean acceptance length: 1.98, Accepted throughput: 25.80 tokens/s, Drafted throughput: 79.20 tokens/s, Accepted: 258 tokens, Drafted: 792 tokens, Per-position acceptance rate: 0.530, 0.288, 0.159, Avg Draft acceptance rate: 32.6%
(APIServer pid=1) INFO 09-29 01:34:44 [loggers.py:310] Engine 000: Avg prompt throughput: 0.0 tokens/s, Avg generation throughput: 52.1 tokens/s, Running: 1 reqs, Waiting: 1 reqs, GPU KV cache usage: 26.3%, Prefix cache hit rate: 79.8%
(APIServer pid=1) INFO 09-29 01:34:44 [metrics.py:120] SpecDecoding metrics: Mean acceptance length: 2.10, Accepted throughput: 27.30 tokens/s, Drafted throughput: 74.39 tokens/s, Accepted: 273 tokens, Drafted: 744 tokens, Per-position acceptance rate: 0.569, 0.323, 0.210, Avg Draft acceptance rate: 36.7%
(APIServer pid=1) INFO 09-29 01:34:54 [loggers.py:310] Engine 000: Avg prompt throughput: 0.0 tokens/s, Avg generation throughput: 57.2 tokens/s, Running: 1 reqs, Waiting: 1 reqs, GPU KV cache usage: 26.3%, Prefix cache hit rate: 79.8%
(APIServer pid=1) INFO 09-29 01:34:54 [metrics.py:120] SpecDecoding metrics: Mean acceptance length: 2.37, Accepted throughput: 33.10 tokens/s, Drafted throughput: 72.30 tokens/s, Accepted: 331 tokens, Drafted: 723 tokens, Per-position acceptance rate: 0.635, 0.415, 0.324, Avg Draft acceptance rate: 45.8%
(APIServer pid=1) INFO 09-29 01:35:04 [loggers.py:310] Engine 000: Avg prompt throughput: 0.0 tokens/s, Avg generation throughput: 50.9 tokens/s, Running: 1 reqs, Waiting: 1 reqs, GPU KV cache usage: 26.8%, Prefix cache hit rate: 79.8%
(APIServer pid=1) INFO 09-29 01:35:04 [metrics.py:120] SpecDecoding metrics: Mean acceptance length: 2.14, Accepted throughput: 27.10 tokens/s, Drafted throughput: 71.40 tokens/s, Accepted: 271 tokens, Drafted: 714 tokens, Per-position acceptance rate: 0.584, 0.345, 0.210, Avg Draft acceptance rate: 38.0%
(APIServer pid=1) INFO 09-29 01:35:14 [loggers.py:310] Engine 000: Avg prompt throughput: 0.0 tokens/s, Avg generation throughput: 51.7 tokens/s, Running: 1 reqs, Waiting: 1 reqs, GPU KV cache usage: 26.8%, Prefix cache hit rate: 79.8%
(APIServer pid=1) INFO 09-29 01:35:14 [metrics.py:120] SpecDecoding metrics: Mean acceptance length: 2.24, Accepted throughput: 28.60 tokens/s, Drafted throughput: 69.30 tokens/s, Accepted: 286 tokens, Drafted: 693 tokens, Per-position acceptance rate: 0.589, 0.398, 0.251, Avg Draft acceptance rate: 41.3%
(APIServer pid=1) INFO 09-29 01:35:24 [loggers.py:310] Engine 000: Avg prompt throughput: 0.0 tokens/s, Avg generation throughput: 57.5 tokens/s, Running: 1 reqs, Waiting: 1 reqs, GPU KV cache usage: 26.8%, Prefix cache hit rate: 79.8%
(APIServer pid=1) INFO 09-29 01:35:24 [metrics.py:120] SpecDecoding metrics: Mean acceptance length: 2.20, Accepted throughput: 31.40 tokens/s, Drafted throughput: 78.30 tokens/s, Accepted: 314 tokens, Drafted: 783 tokens, Per-position acceptance rate: 0.605, 0.352, 0.245, Avg Draft acceptance rate: 40.1%
(APIServer pid=1) INFO 09-29 01:35:34 [loggers.py:310] Engine 000: Avg prompt throughput: 0.0 tokens/s, Avg generation throughput: 55.2 tokens/s, Running: 0 reqs, Waiting: 1 reqs, GPU KV cache usage: 0.0%, Prefix cache hit rate: 79.8%
(APIServer pid=1) INFO 09-29 01:35:34 [metrics.py:120] SpecDecoding metrics: Mean acceptance length: 2.43, Accepted throughput: 32.60 tokens/s, Drafted throughput: 68.40 tokens/s, Accepted: 326 tokens, Drafted: 684 tokens, Per-position acceptance rate: 0.627, 0.465, 0.338, Avg Draft acceptance rate: 47.7%
(APIServer pid=1) INFO:     <client_2>:63389 - "POST /v1/chat/completions HTTP/1.1" 200 OK
(APIServer pid=1) INFO 09-29 01:35:44 [loggers.py:310] Engine 000: Avg prompt throughput: 498.0 tokens/s, Avg generation throughput: 27.2 tokens/s, Running: 0 reqs, Waiting: 1 reqs, GPU KV cache usage: 0.0%, Prefix cache hit rate: 79.8%
(APIServer pid=1) INFO 09-29 01:35:44 [metrics.py:120] SpecDecoding metrics: Mean acceptance length: 3.52, Accepted throughput: 19.40 tokens/s, Drafted throughput: 23.10 tokens/s, Accepted: 194 tokens, Drafted: 231 tokens, Per-position acceptance rate: 0.935, 0.818, 0.766, Avg Draft acceptance rate: 84.0%
(APIServer pid=1) INFO:     <client_2>:63389 - "POST /v1/chat/completions HTTP/1.1" 200 OK
(APIServer pid=1) INFO:     <client_2>:59490 - "POST /v1/chat/completions HTTP/1.1" 200 OK
(APIServer pid=1) INFO 09-29 01:35:54 [loggers.py:310] Engine 000: Avg prompt throughput: 785.3 tokens/s, Avg generation throughput: 9.8 tokens/s, Running: 1 reqs, Waiting: 0 reqs, GPU KV cache usage: 23.2%, Prefix cache hit rate: 79.9%
(APIServer pid=1) INFO 09-29 01:35:54 [metrics.py:120] SpecDecoding metrics: Mean acceptance length: 3.16, Accepted throughput: 6.70 tokens/s, Drafted throughput: 9.30 tokens/s, Accepted: 67 tokens, Drafted: 93 tokens, Per-position acceptance rate: 0.871, 0.677, 0.613, Avg Draft acceptance rate: 72.0%
(APIServer pid=1) INFO:     <client_2>:63389 - "POST /v1/chat/completions HTTP/1.1" 200 OK
(APIServer pid=1) INFO 09-29 01:36:04 [loggers.py:310] Engine 000: Avg prompt throughput: 686.4 tokens/s, Avg generation throughput: 37.1 tokens/s, Running: 0 reqs, Waiting: 1 reqs, GPU KV cache usage: 0.0%, Prefix cache hit rate: 79.9%
(APIServer pid=1) INFO 09-29 01:36:04 [metrics.py:120] SpecDecoding metrics: Mean acceptance length: 3.25, Accepted throughput: 25.70 tokens/s, Drafted throughput: 34.20 tokens/s, Accepted: 257 tokens, Drafted: 342 tokens, Per-position acceptance rate: 0.851, 0.719, 0.684, Avg Draft acceptance rate: 75.1%
(APIServer pid=1) INFO 09-29 01:36:14 [loggers.py:310] Engine 000: Avg prompt throughput: 801.0 tokens/s, Avg generation throughput: 18.3 tokens/s, Running: 0 reqs, Waiting: 1 reqs, GPU KV cache usage: 0.0%, Prefix cache hit rate: 79.9%
(APIServer pid=1) INFO 09-29 01:36:14 [metrics.py:120] SpecDecoding metrics: Mean acceptance length: 3.05, Accepted throughput: 12.30 tokens/s, Drafted throughput: 18.00 tokens/s, Accepted: 123 tokens, Drafted: 180 tokens, Per-position acceptance rate: 0.783, 0.700, 0.567, Avg Draft acceptance rate: 68.3%
(APIServer pid=1) INFO:     <client_2>:59490 - "POST /v1/chat/completions HTTP/1.1" 200 OK
(APIServer pid=1) INFO 09-29 01:36:24 [loggers.py:310] Engine 000: Avg prompt throughput: 565.2 tokens/s, Avg generation throughput: 35.0 tokens/s, Running: 0 reqs, Waiting: 1 reqs, GPU KV cache usage: 0.0%, Prefix cache hit rate: 80.0%
(APIServer pid=1) INFO 09-29 01:36:24 [metrics.py:120] SpecDecoding metrics: Mean acceptance length: 3.49, Accepted throughput: 24.90 tokens/s, Drafted throughput: 30.00 tokens/s, Accepted: 249 tokens, Drafted: 300 tokens, Per-position acceptance rate: 0.920, 0.830, 0.740, Avg Draft acceptance rate: 83.0%
(APIServer pid=1) INFO:     <client_2>:59519 - "POST /v1/chat/completions HTTP/1.1" 200 OK
(APIServer pid=1) INFO 09-29 01:36:34 [loggers.py:310] Engine 000: Avg prompt throughput: 657.0 tokens/s, Avg generation throughput: 21.5 tokens/s, Running: 1 reqs, Waiting: 0 reqs, GPU KV cache usage: 24.2%, Prefix cache hit rate: 80.1%
(APIServer pid=1) INFO 09-29 01:36:34 [metrics.py:120] SpecDecoding metrics: Mean acceptance length: 2.21, Accepted throughput: 11.70 tokens/s, Drafted throughput: 29.09 tokens/s, Accepted: 117 tokens, Drafted: 291 tokens, Per-position acceptance rate: 0.588, 0.392, 0.227, Avg Draft acceptance rate: 40.2%
(APIServer pid=1) INFO 09-29 01:36:44 [loggers.py:310] Engine 000: Avg prompt throughput: 0.0 tokens/s, Avg generation throughput: 60.4 tokens/s, Running: 1 reqs, Waiting: 1 reqs, GPU KV cache usage: 24.2%, Prefix cache hit rate: 80.1%
(APIServer pid=1) INFO 09-29 01:36:44 [metrics.py:120] SpecDecoding metrics: Mean acceptance length: 2.48, Accepted throughput: 36.00 tokens/s, Drafted throughput: 73.20 tokens/s, Accepted: 360 tokens, Drafted: 732 tokens, Per-position acceptance rate: 0.648, 0.492, 0.336, Avg Draft acceptance rate: 49.2%
(APIServer pid=1) INFO 09-29 01:36:54 [loggers.py:310] Engine 000: Avg prompt throughput: 0.0 tokens/s, Avg generation throughput: 60.6 tokens/s, Running: 1 reqs, Waiting: 1 reqs, GPU KV cache usage: 24.2%, Prefix cache hit rate: 80.1%
(APIServer pid=1) INFO 09-29 01:36:54 [metrics.py:120] SpecDecoding metrics: Mean acceptance length: 2.40, Accepted throughput: 35.40 tokens/s, Drafted throughput: 75.59 tokens/s, Accepted: 354 tokens, Drafted: 756 tokens, Per-position acceptance rate: 0.611, 0.468, 0.325, Avg Draft acceptance rate: 46.8%
(APIServer pid=1) INFO 09-29 01:37:04 [loggers.py:310] Engine 000: Avg prompt throughput: 0.0 tokens/s, Avg generation throughput: 73.2 tokens/s, Running: 1 reqs, Waiting: 1 reqs, GPU KV cache usage: 24.7%, Prefix cache hit rate: 80.1%
(APIServer pid=1) INFO 09-29 01:37:04 [metrics.py:120] SpecDecoding metrics: Mean acceptance length: 2.99, Accepted throughput: 48.70 tokens/s, Drafted throughput: 73.50 tokens/s, Accepted: 487 tokens, Drafted: 735 tokens, Per-position acceptance rate: 0.816, 0.673, 0.498, Avg Draft acceptance rate: 66.3%
(APIServer pid=1) INFO 09-29 01:37:14 [loggers.py:310] Engine 000: Avg prompt throughput: 0.0 tokens/s, Avg generation throughput: 57.9 tokens/s, Running: 1 reqs, Waiting: 1 reqs, GPU KV cache usage: 24.7%, Prefix cache hit rate: 80.1%
(APIServer pid=1) INFO 09-29 01:37:14 [metrics.py:120] SpecDecoding metrics: Mean acceptance length: 2.31, Accepted throughput: 32.80 tokens/s, Drafted throughput: 75.30 tokens/s, Accepted: 328 tokens, Drafted: 753 tokens, Per-position acceptance rate: 0.610, 0.398, 0.299, Avg Draft acceptance rate: 43.6%
(APIServer pid=1) INFO 09-29 01:37:24 [loggers.py:310] Engine 000: Avg prompt throughput: 0.0 tokens/s, Avg generation throughput: 59.1 tokens/s, Running: 1 reqs, Waiting: 1 reqs, GPU KV cache usage: 25.3%, Prefix cache hit rate: 80.1%
(APIServer pid=1) INFO 09-29 01:37:24 [metrics.py:120] SpecDecoding metrics: Mean acceptance length: 2.10, Accepted throughput: 30.90 tokens/s, Drafted throughput: 84.60 tokens/s, Accepted: 309 tokens, Drafted: 846 tokens, Per-position acceptance rate: 0.567, 0.319, 0.209, Avg Draft acceptance rate: 36.5%
(APIServer pid=1) INFO 09-29 01:37:34 [loggers.py:310] Engine 000: Avg prompt throughput: 0.0 tokens/s, Avg generation throughput: 62.5 tokens/s, Running: 1 reqs, Waiting: 1 reqs, GPU KV cache usage: 25.3%, Prefix cache hit rate: 80.1%
(APIServer pid=1) INFO 09-29 01:37:34 [metrics.py:120] SpecDecoding metrics: Mean acceptance length: 2.41, Accepted throughput: 36.60 tokens/s, Drafted throughput: 77.69 tokens/s, Accepted: 366 tokens, Drafted: 777 tokens, Per-position acceptance rate: 0.645, 0.425, 0.344, Avg Draft acceptance rate: 47.1%
(APIServer pid=1) INFO 09-29 01:37:44 [loggers.py:310] Engine 000: Avg prompt throughput: 0.0 tokens/s, Avg generation throughput: 54.2 tokens/s, Running: 1 reqs, Waiting: 1 reqs, GPU KV cache usage: 25.3%, Prefix cache hit rate: 80.1%
(APIServer pid=1) INFO 09-29 01:37:44 [metrics.py:120] SpecDecoding metrics: Mean acceptance length: 2.14, Accepted throughput: 28.90 tokens/s, Drafted throughput: 75.89 tokens/s, Accepted: 289 tokens, Drafted: 759 tokens, Per-position acceptance rate: 0.581, 0.340, 0.221, Avg Draft acceptance rate: 38.1%
(APIServer pid=1) INFO 09-29 01:37:54 [loggers.py:310] Engine 000: Avg prompt throughput: 0.0 tokens/s, Avg generation throughput: 51.1 tokens/s, Running: 1 reqs, Waiting: 1 reqs, GPU KV cache usage: 25.8%, Prefix cache hit rate: 80.1%
(APIServer pid=1) INFO 09-29 01:37:54 [metrics.py:120] SpecDecoding metrics: Mean acceptance length: 1.96, Accepted throughput: 25.00 tokens/s, Drafted throughput: 78.29 tokens/s, Accepted: 250 tokens, Drafted: 783 tokens, Per-position acceptance rate: 0.521, 0.280, 0.157, Avg Draft acceptance rate: 31.9%
(APIServer pid=1) INFO 09-29 01:38:04 [loggers.py:310] Engine 000: Avg prompt throughput: 0.0 tokens/s, Avg generation throughput: 61.3 tokens/s, Running: 1 reqs, Waiting: 1 reqs, GPU KV cache usage: 25.8%, Prefix cache hit rate: 80.1%
(APIServer pid=1) INFO 09-29 01:38:04 [metrics.py:120] SpecDecoding metrics: Mean acceptance length: 2.46, Accepted throughput: 36.40 tokens/s, Drafted throughput: 74.70 tokens/s, Accepted: 364 tokens, Drafted: 747 tokens, Per-position acceptance rate: 0.667, 0.462, 0.333, Avg Draft acceptance rate: 48.7%
(APIServer pid=1) INFO 09-29 01:38:14 [loggers.py:310] Engine 000: Avg prompt throughput: 0.0 tokens/s, Avg generation throughput: 59.5 tokens/s, Running: 1 reqs, Waiting: 1 reqs, GPU KV cache usage: 25.8%, Prefix cache hit rate: 80.1%
(APIServer pid=1) INFO 09-29 01:38:14 [metrics.py:120] SpecDecoding metrics: Mean acceptance length: 2.36, Accepted throughput: 34.30 tokens/s, Drafted throughput: 75.60 tokens/s, Accepted: 343 tokens, Drafted: 756 tokens, Per-position acceptance rate: 0.643, 0.429, 0.290, Avg Draft acceptance rate: 45.4%
(APIServer pid=1) INFO 09-29 01:38:24 [loggers.py:310] Engine 000: Avg prompt throughput: 0.0 tokens/s, Avg generation throughput: 52.7 tokens/s, Running: 1 reqs, Waiting: 1 reqs, GPU KV cache usage: 26.3%, Prefix cache hit rate: 80.1%
(APIServer pid=1) INFO 09-29 01:38:24 [metrics.py:120] SpecDecoding metrics: Mean acceptance length: 2.22, Accepted throughput: 29.00 tokens/s, Drafted throughput: 71.10 tokens/s, Accepted: 290 tokens, Drafted: 711 tokens, Per-position acceptance rate: 0.586, 0.388, 0.249, Avg Draft acceptance rate: 40.8%
(APIServer pid=1) INFO 09-29 01:38:34 [loggers.py:310] Engine 000: Avg prompt throughput: 0.0 tokens/s, Avg generation throughput: 55.4 tokens/s, Running: 1 reqs, Waiting: 1 reqs, GPU KV cache usage: 26.3%, Prefix cache hit rate: 80.1%
(APIServer pid=1) INFO 09-29 01:38:34 [metrics.py:120] SpecDecoding metrics: Mean acceptance length: 2.04, Accepted throughput: 28.30 tokens/s, Drafted throughput: 81.29 tokens/s, Accepted: 283 tokens, Drafted: 813 tokens, Per-position acceptance rate: 0.554, 0.299, 0.192, Avg Draft acceptance rate: 34.8%
(APIServer pid=1) INFO 09-29 01:38:44 [loggers.py:310] Engine 000: Avg prompt throughput: 0.0 tokens/s, Avg generation throughput: 51.7 tokens/s, Running: 1 reqs, Waiting: 1 reqs, GPU KV cache usage: 26.3%, Prefix cache hit rate: 80.1%
(APIServer pid=1) INFO 09-29 01:38:44 [metrics.py:120] SpecDecoding metrics: Mean acceptance length: 2.04, Accepted throughput: 26.30 tokens/s, Drafted throughput: 76.19 tokens/s, Accepted: 263 tokens, Drafted: 762 tokens, Per-position acceptance rate: 0.543, 0.299, 0.193, Avg Draft acceptance rate: 34.5%
(APIServer pid=1) INFO 09-29 01:38:54 [loggers.py:310] Engine 000: Avg prompt throughput: 0.0 tokens/s, Avg generation throughput: 56.8 tokens/s, Running: 1 reqs, Waiting: 1 reqs, GPU KV cache usage: 26.8%, Prefix cache hit rate: 80.1%
(APIServer pid=1) INFO 09-29 01:38:54 [metrics.py:120] SpecDecoding metrics: Mean acceptance length: 2.37, Accepted throughput: 32.80 tokens/s, Drafted throughput: 72.00 tokens/s, Accepted: 328 tokens, Drafted: 720 tokens, Per-position acceptance rate: 0.633, 0.433, 0.300, Avg Draft acceptance rate: 45.6%
(APIServer pid=1) INFO 09-29 01:39:04 [loggers.py:310] Engine 000: Avg prompt throughput: 0.0 tokens/s, Avg generation throughput: 55.2 tokens/s, Running: 1 reqs, Waiting: 1 reqs, GPU KV cache usage: 26.8%, Prefix cache hit rate: 80.1%
(APIServer pid=1) INFO 09-29 01:39:04 [metrics.py:120] SpecDecoding metrics: Mean acceptance length: 2.01, Accepted throughput: 27.80 tokens/s, Drafted throughput: 82.20 tokens/s, Accepted: 278 tokens, Drafted: 822 tokens, Per-position acceptance rate: 0.533, 0.318, 0.164, Avg Draft acceptance rate: 33.8%
(APIServer pid=1) INFO 09-29 01:39:14 [loggers.py:310] Engine 000: Avg prompt throughput: 0.0 tokens/s, Avg generation throughput: 58.4 tokens/s, Running: 1 reqs, Waiting: 1 reqs, GPU KV cache usage: 27.3%, Prefix cache hit rate: 80.1%
(APIServer pid=1) INFO 09-29 01:39:14 [metrics.py:120] SpecDecoding metrics: Mean acceptance length: 2.03, Accepted throughput: 29.70 tokens/s, Drafted throughput: 86.10 tokens/s, Accepted: 297 tokens, Drafted: 861 tokens, Per-position acceptance rate: 0.519, 0.334, 0.181, Avg Draft acceptance rate: 34.5%
(APIServer pid=1) INFO 09-29 01:39:24 [loggers.py:310] Engine 000: Avg prompt throughput: 0.0 tokens/s, Avg generation throughput: 58.7 tokens/s, Running: 1 reqs, Waiting: 1 reqs, GPU KV cache usage: 27.3%, Prefix cache hit rate: 80.1%
(APIServer pid=1) INFO 09-29 01:39:24 [metrics.py:120] SpecDecoding metrics: Mean acceptance length: 2.13, Accepted throughput: 31.10 tokens/s, Drafted throughput: 82.80 tokens/s, Accepted: 311 tokens, Drafted: 828 tokens, Per-position acceptance rate: 0.576, 0.341, 0.210, Avg Draft acceptance rate: 37.6%
(APIServer pid=1) INFO 09-29 01:39:34 [loggers.py:310] Engine 000: Avg prompt throughput: 0.0 tokens/s, Avg generation throughput: 57.7 tokens/s, Running: 1 reqs, Waiting: 1 reqs, GPU KV cache usage: 27.3%, Prefix cache hit rate: 80.1%
(APIServer pid=1) INFO 09-29 01:39:34 [metrics.py:120] SpecDecoding metrics: Mean acceptance length: 2.00, Accepted throughput: 28.90 tokens/s, Drafted throughput: 86.40 tokens/s, Accepted: 289 tokens, Drafted: 864 tokens, Per-position acceptance rate: 0.531, 0.309, 0.163, Avg Draft acceptance rate: 33.4%
(APIServer pid=1) INFO 09-29 01:39:44 [loggers.py:310] Engine 000: Avg prompt throughput: 0.0 tokens/s, Avg generation throughput: 59.5 tokens/s, Running: 1 reqs, Waiting: 1 reqs, GPU KV cache usage: 27.8%, Prefix cache hit rate: 80.1%
(APIServer pid=1) INFO 09-29 01:39:44 [metrics.py:120] SpecDecoding metrics: Mean acceptance length: 2.07, Accepted throughput: 30.80 tokens/s, Drafted throughput: 86.09 tokens/s, Accepted: 308 tokens, Drafted: 861 tokens, Per-position acceptance rate: 0.551, 0.324, 0.199, Avg Draft acceptance rate: 35.8%
(APIServer pid=1) INFO 09-29 01:39:54 [loggers.py:310] Engine 000: Avg prompt throughput: 0.0 tokens/s, Avg generation throughput: 55.7 tokens/s, Running: 1 reqs, Waiting: 1 reqs, GPU KV cache usage: 27.8%, Prefix cache hit rate: 80.1%
(APIServer pid=1) INFO 09-29 01:39:54 [metrics.py:120] SpecDecoding metrics: Mean acceptance length: 2.11, Accepted throughput: 29.30 tokens/s, Drafted throughput: 79.19 tokens/s, Accepted: 293 tokens, Drafted: 792 tokens, Per-position acceptance rate: 0.591, 0.337, 0.182, Avg Draft acceptance rate: 37.0%
(APIServer pid=1) INFO:     <client_2>:64756 - "POST /v1/chat/completions HTTP/1.1" 200 OK
(APIServer pid=1) INFO 09-29 01:40:04 [loggers.py:310] Engine 000: Avg prompt throughput: 0.0 tokens/s, Avg generation throughput: 52.5 tokens/s, Running: 1 reqs, Waiting: 1 reqs, GPU KV cache usage: 27.8%, Prefix cache hit rate: 80.1%
(APIServer pid=1) INFO 09-29 01:40:04 [metrics.py:120] SpecDecoding metrics: Mean acceptance length: 2.09, Accepted throughput: 27.40 tokens/s, Drafted throughput: 75.30 tokens/s, Accepted: 274 tokens, Drafted: 753 tokens, Per-position acceptance rate: 0.574, 0.323, 0.195, Avg Draft acceptance rate: 36.4%
(APIServer pid=1) INFO 09-29 01:40:14 [loggers.py:310] Engine 000: Avg prompt throughput: 0.0 tokens/s, Avg generation throughput: 60.6 tokens/s, Running: 1 reqs, Waiting: 1 reqs, GPU KV cache usage: 28.4%, Prefix cache hit rate: 80.1%
(APIServer pid=1) INFO 09-29 01:40:14 [metrics.py:120] SpecDecoding metrics: Mean acceptance length: 2.35, Accepted throughput: 34.80 tokens/s, Drafted throughput: 77.40 tokens/s, Accepted: 348 tokens, Drafted: 774 tokens, Per-position acceptance rate: 0.624, 0.415, 0.310, Avg Draft acceptance rate: 45.0%
(APIServer pid=1) INFO 09-29 01:40:24 [loggers.py:310] Engine 000: Avg prompt throughput: 0.0 tokens/s, Avg generation throughput: 47.3 tokens/s, Running: 1 reqs, Waiting: 1 reqs, GPU KV cache usage: 28.4%, Prefix cache hit rate: 80.1%
(APIServer pid=1) INFO 09-29 01:40:24 [metrics.py:120] SpecDecoding metrics: Mean acceptance length: 1.91, Accepted throughput: 22.50 tokens/s, Drafted throughput: 74.40 tokens/s, Accepted: 225 tokens, Drafted: 744 tokens, Per-position acceptance rate: 0.508, 0.278, 0.121, Avg Draft acceptance rate: 30.2%
(APIServer pid=1) INFO 09-29 01:40:34 [loggers.py:310] Engine 000: Avg prompt throughput: 0.0 tokens/s, Avg generation throughput: 71.7 tokens/s, Running: 1 reqs, Waiting: 1 reqs, GPU KV cache usage: 28.4%, Prefix cache hit rate: 80.1%
(APIServer pid=1) INFO 09-29 01:40:34 [metrics.py:120] SpecDecoding metrics: Mean acceptance length: 2.94, Accepted throughput: 47.30 tokens/s, Drafted throughput: 73.20 tokens/s, Accepted: 473 tokens, Drafted: 732 tokens, Per-position acceptance rate: 0.750, 0.656, 0.533, Avg Draft acceptance rate: 64.6%
(APIServer pid=1) INFO 09-29 01:40:44 [loggers.py:310] Engine 000: Avg prompt throughput: 0.0 tokens/s, Avg generation throughput: 74.6 tokens/s, Running: 1 reqs, Waiting: 1 reqs, GPU KV cache usage: 28.9%, Prefix cache hit rate: 80.1%
(APIServer pid=1) INFO 09-29 01:40:44 [metrics.py:120] SpecDecoding metrics: Mean acceptance length: 2.96, Accepted throughput: 49.39 tokens/s, Drafted throughput: 75.59 tokens/s, Accepted: 494 tokens, Drafted: 756 tokens, Per-position acceptance rate: 0.794, 0.643, 0.524, Avg Draft acceptance rate: 65.3%
(APIServer pid=1) INFO 09-29 01:40:54 [loggers.py:310] Engine 000: Avg prompt throughput: 0.0 tokens/s, Avg generation throughput: 81.8 tokens/s, Running: 1 reqs, Waiting: 1 reqs, GPU KV cache usage: 28.9%, Prefix cache hit rate: 80.1%
(APIServer pid=1) INFO 09-29 01:40:54 [metrics.py:120] SpecDecoding metrics: Mean acceptance length: 3.33, Accepted throughput: 57.19 tokens/s, Drafted throughput: 73.78 tokens/s, Accepted: 572 tokens, Drafted: 738 tokens, Per-position acceptance rate: 0.846, 0.789, 0.691, Avg Draft acceptance rate: 77.5%
(APIServer pid=1) INFO 09-29 01:41:04 [loggers.py:310] Engine 000: Avg prompt throughput: 0.0 tokens/s, Avg generation throughput: 61.0 tokens/s, Running: 1 reqs, Waiting: 1 reqs, GPU KV cache usage: 29.4%, Prefix cache hit rate: 80.1%
(APIServer pid=1) INFO 09-29 01:41:04 [metrics.py:120] SpecDecoding metrics: Mean acceptance length: 2.79, Accepted throughput: 39.09 tokens/s, Drafted throughput: 65.68 tokens/s, Accepted: 391 tokens, Drafted: 657 tokens, Per-position acceptance rate: 0.717, 0.603, 0.466, Avg Draft acceptance rate: 59.5%
(APIServer pid=1) INFO 09-29 01:41:14 [loggers.py:310] Engine 000: Avg prompt throughput: 0.0 tokens/s, Avg generation throughput: 61.3 tokens/s, Running: 0 reqs, Waiting: 1 reqs, GPU KV cache usage: 0.0%, Prefix cache hit rate: 80.1%
(APIServer pid=1) INFO 09-29 01:41:14 [metrics.py:120] SpecDecoding metrics: Mean acceptance length: 3.02, Accepted throughput: 41.00 tokens/s, Drafted throughput: 60.90 tokens/s, Accepted: 410 tokens, Drafted: 609 tokens, Per-position acceptance rate: 0.803, 0.660, 0.557, Avg Draft acceptance rate: 67.3%
(APIServer pid=1) INFO 09-29 01:41:24 [loggers.py:310] Engine 000: Avg prompt throughput: 606.3 tokens/s, Avg generation throughput: 36.2 tokens/s, Running: 1 reqs, Waiting: 0 reqs, GPU KV cache usage: 22.7%, Prefix cache hit rate: 80.1%
(APIServer pid=1) INFO 09-29 01:41:24 [metrics.py:120] SpecDecoding metrics: Mean acceptance length: 2.24, Accepted throughput: 20.00 tokens/s, Drafted throughput: 48.30 tokens/s, Accepted: 200 tokens, Drafted: 483 tokens, Per-position acceptance rate: 0.621, 0.373, 0.248, Avg Draft acceptance rate: 41.4%
(APIServer pid=1) INFO:     <client_2>:64756 - "POST /v1/chat/completions HTTP/1.1" 200 OK
(APIServer pid=1) INFO 09-29 01:41:34 [loggers.py:310] Engine 000: Avg prompt throughput: 0.0 tokens/s, Avg generation throughput: 41.6 tokens/s, Running: 0 reqs, Waiting: 1 reqs, Deferred: 1 reqs, GPU KV cache usage: 0.0%, Prefix cache hit rate: 80.1%
(APIServer pid=1) INFO 09-29 01:41:34 [metrics.py:120] SpecDecoding metrics: Mean acceptance length: 3.38, Accepted throughput: 29.50 tokens/s, Drafted throughput: 37.20 tokens/s, Accepted: 295 tokens, Drafted: 372 tokens, Per-position acceptance rate: 0.911, 0.790, 0.677, Avg Draft acceptance rate: 79.3%
(APIServer pid=1) INFO:     <client_2>:50601 - "POST /v1/chat/completions HTTP/1.1" 200 OK
(APIServer pid=1) INFO 09-29 01:41:44 [loggers.py:310] Engine 000: Avg prompt throughput: 0.0 tokens/s, Avg generation throughput: 0.0 tokens/s, Running: 1 reqs, Waiting: 1 reqs, GPU KV cache usage: 16.5%, Prefix cache hit rate: 79.8%
(EngineCore pid=189) ERROR 09-29 01:41:49 [backend_xgrammar.py:167] Failed to advance FSM for request chatcmpl-a1bbde6e37a99baa-b04d51d0 for tokens 271. Please file an issue.
[01:41:49] /project/cpp/grammar_matcher.cc:612: Warning: The matcher has terminated after accepting the stop token, but is trying to accept new token with id 198.
(Worker_TP0_EP0 pid=222) WARNING 09-29 01:41:49 [jit_monitor.py:141] Triton kernel JIT compilation during inference: _qsa_mqa_paged_uniform_kernel. This causes a latency spike; consider extending warmup to cover this shape/config.
(APIServer pid=1) INFO 09-29 01:41:54 [loggers.py:310] Engine 000: Avg prompt throughput: 1696.3 tokens/s, Avg generation throughput: 21.5 tokens/s, Running: 1 reqs, Waiting: 0 reqs, GPU KV cache usage: 25.3%, Prefix cache hit rate: 79.8%
(APIServer pid=1) INFO 09-29 01:41:54 [metrics.py:120] SpecDecoding metrics: Mean acceptance length: 2.29, Accepted throughput: 6.05 tokens/s, Drafted throughput: 14.00 tokens/s, Accepted: 121 tokens, Drafted: 280 tokens, Per-position acceptance rate: 0.628, 0.415, 0.245, Avg Draft acceptance rate: 43.2%
(APIServer pid=1) INFO 09-29 01:42:04 [loggers.py:310] Engine 000: Avg prompt throughput: 1047.1 tokens/s, Avg generation throughput: 20.9 tokens/s, Running: 1 reqs, Waiting: 0 reqs, GPU KV cache usage: 25.3%, Prefix cache hit rate: 79.8%
(APIServer pid=1) INFO 09-29 01:42:04 [metrics.py:120] SpecDecoding metrics: Mean acceptance length: 2.45, Accepted throughput: 12.30 tokens/s, Drafted throughput: 25.50 tokens/s, Accepted: 123 tokens, Drafted: 255 tokens, Per-position acceptance rate: 0.647, 0.459, 0.341, Avg Draft acceptance rate: 48.2%
(APIServer pid=1) INFO:     <client_2>:50613 - "POST /v1/chat/completions HTTP/1.1" 200 OK
(APIServer pid=1) INFO 09-29 01:42:14 [loggers.py:310] Engine 000: Avg prompt throughput: 0.0 tokens/s, Avg generation throughput: 70.1 tokens/s, Running: 1 reqs, Waiting: 1 reqs, GPU KV cache usage: 25.8%, Prefix cache hit rate: 79.8%
(APIServer pid=1) INFO 09-29 01:42:14 [metrics.py:120] SpecDecoding metrics: Mean acceptance length: 3.83, Accepted throughput: 51.78 tokens/s, Drafted throughput: 54.88 tokens/s, Accepted: 518 tokens, Drafted: 549 tokens, Per-position acceptance rate: 0.973, 0.956, 0.902, Avg Draft acceptance rate: 94.4%
(APIServer pid=1) INFO 09-29 01:42:24 [loggers.py:310] Engine 000: Avg prompt throughput: 0.0 tokens/s, Avg generation throughput: 69.1 tokens/s, Running: 1 reqs, Waiting: 1 reqs, GPU KV cache usage: 25.8%, Prefix cache hit rate: 79.8%
(APIServer pid=1) INFO 09-29 01:42:24 [metrics.py:120] SpecDecoding metrics: Mean acceptance length: 3.53, Accepted throughput: 49.50 tokens/s, Drafted throughput: 58.80 tokens/s, Accepted: 495 tokens, Drafted: 588 tokens, Per-position acceptance rate: 0.939, 0.837, 0.750, Avg Draft acceptance rate: 84.2%
(APIServer pid=1) INFO 09-29 01:42:34 [loggers.py:310] Engine 000: Avg prompt throughput: 0.0 tokens/s, Avg generation throughput: 67.6 tokens/s, Running: 1 reqs, Waiting: 1 reqs, GPU KV cache usage: 25.8%, Prefix cache hit rate: 79.8%
(APIServer pid=1) INFO 09-29 01:42:34 [metrics.py:120] SpecDecoding metrics: Mean acceptance length: 3.27, Accepted throughput: 46.89 tokens/s, Drafted throughput: 62.08 tokens/s, Accepted: 469 tokens, Drafted: 621 tokens, Per-position acceptance rate: 0.870, 0.744, 0.652, Avg Draft acceptance rate: 75.5%
(APIServer pid=1) INFO:     <client_2>:50601 - "POST /v1/chat/completions HTTP/1.1" 200 OK
(APIServer pid=1) INFO 09-29 01:42:44 [loggers.py:310] Engine 000: Avg prompt throughput: 0.0 tokens/s, Avg generation throughput: 29.0 tokens/s, Running: 1 reqs, Waiting: 0 reqs, GPU KV cache usage: 10.3%, Prefix cache hit rate: 79.0%
(APIServer pid=1) INFO 09-29 01:42:44 [metrics.py:120] SpecDecoding metrics: Mean acceptance length: 3.09, Accepted throughput: 19.60 tokens/s, Drafted throughput: 28.20 tokens/s, Accepted: 196 tokens, Drafted: 282 tokens, Per-position acceptance rate: 0.819, 0.691, 0.574, Avg Draft acceptance rate: 69.5%
(APIServer pid=1) INFO 09-29 01:42:54 [loggers.py:310] Engine 000: Avg prompt throughput: 0.0 tokens/s, Avg generation throughput: 0.0 tokens/s, Running: 1 reqs, Waiting: 1 reqs, GPU KV cache usage: 17.5%, Prefix cache hit rate: 79.0%
(APIServer pid=1) INFO 09-29 01:43:14 [loggers.py:310] Engine 000: Avg prompt throughput: 4167.1 tokens/s, Avg generation throughput: 7.4 tokens/s, Running: 1 reqs, Waiting: 0 reqs, GPU KV cache usage: 25.3%, Prefix cache hit rate: 78.9%
(APIServer pid=1) INFO 09-29 01:43:14 [metrics.py:120] SpecDecoding metrics: Mean acceptance length: 2.88, Accepted throughput: 1.63 tokens/s, Drafted throughput: 2.60 tokens/s, Accepted: 49 tokens, Drafted: 78 tokens, Per-position acceptance rate: 0.692, 0.615, 0.577, Avg Draft acceptance rate: 62.8%
(APIServer pid=1) INFO:     <client_2>:62852 - "POST /v1/chat/completions HTTP/1.1" 200 OK
(APIServer pid=1) INFO 09-29 01:43:24 [loggers.py:310] Engine 000: Avg prompt throughput: 1299.8 tokens/s, Avg generation throughput: 13.3 tokens/s, Running: 1 reqs, Waiting: 1 reqs, GPU KV cache usage: 26.3%, Prefix cache hit rate: 78.9%
(APIServer pid=1) INFO 09-29 01:43:24 [metrics.py:120] SpecDecoding metrics: Mean acceptance length: 2.87, Accepted throughput: 8.60 tokens/s, Drafted throughput: 13.80 tokens/s, Accepted: 86 tokens, Drafted: 138 tokens, Per-position acceptance rate: 0.739, 0.609, 0.522, Avg Draft acceptance rate: 62.3%
(APIServer pid=1) INFO 09-29 01:43:34 [loggers.py:310] Engine 000: Avg prompt throughput: 0.0 tokens/s, Avg generation throughput: 60.2 tokens/s, Running: 1 reqs, Waiting: 1 reqs, GPU KV cache usage: 26.3%, Prefix cache hit rate: 78.9%
(APIServer pid=1) INFO 09-29 01:43:34 [metrics.py:120] SpecDecoding metrics: Mean acceptance length: 3.93, Accepted throughput: 44.90 tokens/s, Drafted throughput: 45.90 tokens/s, Accepted: 449 tokens, Drafted: 459 tokens, Per-position acceptance rate: 1.000, 0.980, 0.954, Avg Draft acceptance rate: 97.8%
(APIServer pid=1) INFO 09-29 01:43:44 [loggers.py:310] Engine 000: Avg prompt throughput: 0.0 tokens/s, Avg generation throughput: 60.2 tokens/s, Running: 1 reqs, Waiting: 1 reqs, GPU KV cache usage: 26.3%, Prefix cache hit rate: 78.9%
(APIServer pid=1) INFO 09-29 01:43:44 [metrics.py:120] SpecDecoding metrics: Mean acceptance length: 3.99, Accepted throughput: 45.09 tokens/s, Drafted throughput: 45.29 tokens/s, Accepted: 451 tokens, Drafted: 453 tokens, Per-position acceptance rate: 1.000, 1.000, 0.987, Avg Draft acceptance rate: 99.6%
(APIServer pid=1) INFO 09-29 01:43:54 [loggers.py:310] Engine 000: Avg prompt throughput: 0.0 tokens/s, Avg generation throughput: 60.0 tokens/s, Running: 1 reqs, Waiting: 1 reqs, GPU KV cache usage: 26.8%, Prefix cache hit rate: 78.9%
(APIServer pid=1) INFO 09-29 01:43:54 [metrics.py:120] SpecDecoding metrics: Mean acceptance length: 3.82, Accepted throughput: 44.30 tokens/s, Drafted throughput: 47.10 tokens/s, Accepted: 443 tokens, Drafted: 471 tokens, Per-position acceptance rate: 0.981, 0.949, 0.892, Avg Draft acceptance rate: 94.1%
(APIServer pid=1) INFO 09-29 01:44:04 [loggers.py:310] Engine 000: Avg prompt throughput: 0.0 tokens/s, Avg generation throughput: 36.9 tokens/s, Running: 1 reqs, Waiting: 0 reqs, GPU KV cache usage: 23.2%, Prefix cache hit rate: 78.9%
(APIServer pid=1) INFO 09-29 01:44:04 [metrics.py:120] SpecDecoding metrics: Mean acceptance length: 3.94, Accepted throughput: 27.60 tokens/s, Drafted throughput: 28.20 tokens/s, Accepted: 276 tokens, Drafted: 282 tokens, Per-position acceptance rate: 1.000, 0.989, 0.947, Avg Draft acceptance rate: 97.9%
(APIServer pid=1) INFO 09-29 01:44:14 [loggers.py:310] Engine 000: Avg prompt throughput: 814.9 tokens/s, Avg generation throughput: 20.7 tokens/s, Running: 0 reqs, Waiting: 0 reqs, GPU KV cache usage: 0.0%, Prefix cache hit rate: 78.9%
(APIServer pid=1) INFO 09-29 01:44:14 [metrics.py:120] SpecDecoding metrics: Mean acceptance length: 2.99, Accepted throughput: 13.90 tokens/s, Drafted throughput: 21.00 tokens/s, Accepted: 139 tokens, Drafted: 210 tokens, Per-position acceptance rate: 0.857, 0.671, 0.457, Avg Draft acceptance rate: 66.2%
(APIServer pid=1) INFO:     <client_2>:62852 - "POST /v1/chat/completions HTTP/1.1" 200 OK
(APIServer pid=1) INFO:     <client_2>:54207 - "POST /v1/chat/completions HTTP/1.1" 200 OK
(APIServer pid=1) INFO 09-29 01:44:24 [loggers.py:310] Engine 000: Avg prompt throughput: 775.1 tokens/s, Avg generation throughput: 8.0 tokens/s, Running: 1 reqs, Waiting: 1 reqs, GPU KV cache usage: 26.8%, Prefix cache hit rate: 79.0%
(APIServer pid=1) INFO 09-29 01:44:24 [metrics.py:120] SpecDecoding metrics: Mean acceptance length: 2.14, Accepted throughput: 4.20 tokens/s, Drafted throughput: 11.10 tokens/s, Accepted: 42 tokens, Drafted: 111 tokens, Per-position acceptance rate: 0.541, 0.405, 0.189, Avg Draft acceptance rate: 37.8%
(APIServer pid=1) INFO 09-29 01:44:34 [loggers.py:310] Engine 000: Avg prompt throughput: 0.0 tokens/s, Avg generation throughput: 59.6 tokens/s, Running: 0 reqs, Waiting: 1 reqs, GPU KV cache usage: 0.0%, Prefix cache hit rate: 79.0%
(APIServer pid=1) INFO 09-29 01:44:34 [metrics.py:120] SpecDecoding metrics: Mean acceptance length: 2.59, Accepted throughput: 36.70 tokens/s, Drafted throughput: 69.30 tokens/s, Accepted: 367 tokens, Drafted: 693 tokens, Per-position acceptance rate: 0.684, 0.506, 0.398, Avg Draft acceptance rate: 53.0%
(APIServer pid=1) INFO:     <client_2>:54220 - "POST /v1/chat/completions HTTP/1.1" 200 OK
(APIServer pid=1) INFO 09-29 01:44:44 [loggers.py:310] Engine 000: Avg prompt throughput: 829.5 tokens/s, Avg generation throughput: 19.5 tokens/s, Running: 1 reqs, Waiting: 1 reqs, GPU KV cache usage: 22.7%, Prefix cache hit rate: 79.0%
(APIServer pid=1) INFO 09-29 01:44:44 [metrics.py:120] SpecDecoding metrics: Mean acceptance length: 2.81, Accepted throughput: 12.50 tokens/s, Drafted throughput: 20.70 tokens/s, Accepted: 125 tokens, Drafted: 207 tokens, Per-position acceptance rate: 0.710, 0.594, 0.507, Avg Draft acceptance rate: 60.4%
(APIServer pid=1) INFO:     <client_2>:54207 - "POST /v1/chat/completions HTTP/1.1" 200 OK
(APIServer pid=1) INFO 09-29 01:44:54 [loggers.py:310] Engine 000: Avg prompt throughput: 0.0 tokens/s, Avg generation throughput: 23.5 tokens/s, Running: 1 reqs, Waiting: 1 reqs, Deferred: 1 reqs, GPU KV cache usage: 26.3%, Prefix cache hit rate: 79.1%
(APIServer pid=1) INFO 09-29 01:44:54 [metrics.py:120] SpecDecoding metrics: Mean acceptance length: 3.42, Accepted throughput: 16.70 tokens/s, Drafted throughput: 20.70 tokens/s, Accepted: 167 tokens, Drafted: 207 tokens, Per-position acceptance rate: 0.899, 0.783, 0.739, Avg Draft acceptance rate: 80.7%
(APIServer pid=1) INFO 09-29 01:45:04 [loggers.py:310] Engine 000: Avg prompt throughput: 804.8 tokens/s, Avg generation throughput: 54.1 tokens/s, Running: 1 reqs, Waiting: 1 reqs, Deferred: 1 reqs, GPU KV cache usage: 27.3%, Prefix cache hit rate: 79.1%
(APIServer pid=1) INFO 09-29 01:45:04 [metrics.py:120] SpecDecoding metrics: Mean acceptance length: 2.19, Accepted throughput: 29.30 tokens/s, Drafted throughput: 74.10 tokens/s, Accepted: 293 tokens, Drafted: 741 tokens, Per-position acceptance rate: 0.611, 0.340, 0.235, Avg Draft acceptance rate: 39.5%
(APIServer pid=1) INFO:     <client_2>:54220 - "POST /v1/chat/completions HTTP/1.1" 200 OK
(APIServer pid=1) INFO 09-29 01:45:14 [loggers.py:310] Engine 000: Avg prompt throughput: 0.0 tokens/s, Avg generation throughput: 45.1 tokens/s, Running: 0 reqs, Waiting: 1 reqs, Deferred: 1 reqs, GPU KV cache usage: 0.0%, Prefix cache hit rate: 79.1%
(APIServer pid=1) INFO 09-29 01:45:14 [metrics.py:120] SpecDecoding metrics: Mean acceptance length: 2.53, Accepted throughput: 27.40 tokens/s, Drafted throughput: 53.70 tokens/s, Accepted: 274 tokens, Drafted: 537 tokens, Per-position acceptance rate: 0.693, 0.475, 0.363, Avg Draft acceptance rate: 51.0%
(APIServer pid=1) INFO:     <client_2>:54273 - "POST /v1/chat/completions HTTP/1.1" 200 OK
(APIServer pid=1) INFO 09-29 01:45:24 [loggers.py:310] Engine 000: Avg prompt throughput: 0.0 tokens/s, Avg generation throughput: 0.0 tokens/s, Running: 1 reqs, Waiting: 1 reqs, GPU KV cache usage: 16.5%, Prefix cache hit rate: 78.8%
(EngineCore pid=189) ERROR 09-29 01:45:26 [backend_xgrammar.py:167] Failed to advance FSM for request chatcmpl-a8f03361e3f11825-967c5915 for tokens 271. Please file an issue.
[01:45:27] /project/cpp/grammar_matcher.cc:612: Warning: The matcher has terminated after accepting the stop token, but is trying to accept new token with id 198.
(APIServer pid=1) INFO 09-29 01:45:34 [loggers.py:310] Engine 000: Avg prompt throughput: 2349.9 tokens/s, Avg generation throughput: 18.7 tokens/s, Running: 1 reqs, Waiting: 1 reqs, GPU KV cache usage: 27.3%, Prefix cache hit rate: 79.0%
(APIServer pid=1) INFO 09-29 01:45:34 [metrics.py:120] SpecDecoding metrics: Mean acceptance length: 2.38, Accepted throughput: 5.40 tokens/s, Drafted throughput: 11.60 tokens/s, Accepted: 108 tokens, Drafted: 232 tokens, Per-position acceptance rate: 0.679, 0.397, 0.308, Avg Draft acceptance rate: 46.6%
(APIServer pid=1) INFO 09-29 01:45:44 [loggers.py:310] Engine 000: Avg prompt throughput: 0.0 tokens/s, Avg generation throughput: 61.5 tokens/s, Running: 1 reqs, Waiting: 1 reqs, GPU KV cache usage: 27.3%, Prefix cache hit rate: 79.0%
(APIServer pid=1) INFO 09-29 01:45:44 [metrics.py:120] SpecDecoding metrics: Mean acceptance length: 2.17, Accepted throughput: 33.20 tokens/s, Drafted throughput: 84.90 tokens/s, Accepted: 332 tokens, Drafted: 849 tokens, Per-position acceptance rate: 0.597, 0.346, 0.230, Avg Draft acceptance rate: 39.1%
(APIServer pid=1) INFO 09-29 01:45:54 [loggers.py:310] Engine 000: Avg prompt throughput: 866.9 tokens/s, Avg generation throughput: 18.6 tokens/s, Running: 1 reqs, Waiting: 0 reqs, GPU KV cache usage: 22.7%, Prefix cache hit rate: 79.0%
(APIServer pid=1) INFO 09-29 01:45:54 [metrics.py:120] SpecDecoding metrics: Mean acceptance length: 3.12, Accepted throughput: 12.70 tokens/s, Drafted throughput: 18.00 tokens/s, Accepted: 127 tokens, Drafted: 180 tokens, Per-position acceptance rate: 0.850, 0.667, 0.600, Avg Draft acceptance rate: 70.6%
(APIServer pid=1) INFO:     <client_2>:54839 - "POST /v1/chat/completions HTTP/1.1" 200 OK
(APIServer pid=1) INFO 09-29 01:46:04 [loggers.py:310] Engine 000: Avg prompt throughput: 0.0 tokens/s, Avg generation throughput: 8.7 tokens/s, Running: 1 reqs, Waiting: 0 reqs, GPU KV cache usage: 23.2%, Prefix cache hit rate: 79.0%
(APIServer pid=1) INFO 09-29 01:46:04 [metrics.py:120] SpecDecoding metrics: Mean acceptance length: 2.75, Accepted throughput: 5.60 tokens/s, Drafted throughput: 9.60 tokens/s, Accepted: 56 tokens, Drafted: 96 tokens, Per-position acceptance rate: 0.750, 0.500, 0.500, Avg Draft acceptance rate: 58.3%
(APIServer pid=1) INFO 09-29 01:46:14 [loggers.py:310] Engine 000: Avg prompt throughput: 874.4 tokens/s, Avg generation throughput: 11.6 tokens/s, Running: 0 reqs, Waiting: 0 reqs, GPU KV cache usage: 0.0%, Prefix cache hit rate: 79.0%
(APIServer pid=1) INFO 09-29 01:46:14 [metrics.py:120] SpecDecoding metrics: Mean acceptance length: 2.88, Accepted throughput: 7.50 tokens/s, Drafted throughput: 12.00 tokens/s, Accepted: 75 tokens, Drafted: 120 tokens, Per-position acceptance rate: 0.725, 0.650, 0.500, Avg Draft acceptance rate: 62.5%
(APIServer pid=1) INFO:     <client_2>:61784 - "POST /v1/chat/completions HTTP/1.1" 200 OK
(APIServer pid=1) INFO 09-29 01:46:24 [loggers.py:310] Engine 000: Avg prompt throughput: 0.0 tokens/s, Avg generation throughput: 0.0 tokens/s, Running: 0 reqs, Waiting: 0 reqs, GPU KV cache usage: 0.0%, Prefix cache hit rate: 79.0%
(APIServer pid=1) INFO 09-29 01:46:34 [loggers.py:310] Engine 000: Avg prompt throughput: 535.6 tokens/s, Avg generation throughput: 7.1 tokens/s, Running: 0 reqs, Waiting: 0 reqs, GPU KV cache usage: 0.0%, Prefix cache hit rate: 79.1%
(APIServer pid=1) INFO 09-29 01:46:34 [metrics.py:120] SpecDecoding metrics: Mean acceptance length: 2.96, Accepted throughput: 2.35 tokens/s, Drafted throughput: 3.60 tokens/s, Accepted: 47 tokens, Drafted: 72 tokens, Per-position acceptance rate: 0.708, 0.625, 0.625, Avg Draft acceptance rate: 65.3%
(APIServer pid=1) INFO 09-29 01:46:44 [loggers.py:310] Engine 000: Avg prompt throughput: 0.0 tokens/s, Avg generation throughput: 0.0 tokens/s, Running: 0 reqs, Waiting: 0 reqs, GPU KV cache usage: 0.0%, Prefix cache hit rate: 79.1%
(APIServer pid=1) INFO:     <client_2>:55068 - "POST /v1/chat/completions HTTP/1.1" 200 OK
(APIServer pid=1) INFO:     <client_2>:55068 - "POST /v1/chat/completions HTTP/1.1" 200 OK
(APIServer pid=1) INFO 09-29 01:47:04 [loggers.py:310] Engine 000: Avg prompt throughput: 886.5 tokens/s, Avg generation throughput: 8.7 tokens/s, Running: 0 reqs, Waiting: 0 reqs, GPU KV cache usage: 0.0%, Prefix cache hit rate: 79.1%
(APIServer pid=1) INFO 09-29 01:47:04 [metrics.py:120] SpecDecoding metrics: Mean acceptance length: 2.81, Accepted throughput: 1.87 tokens/s, Drafted throughput: 3.10 tokens/s, Accepted: 56 tokens, Drafted: 93 tokens, Per-position acceptance rate: 0.710, 0.613, 0.484, Avg Draft acceptance rate: 60.2%
(APIServer pid=1) INFO:     <client_2>:51140 - "POST /v1/chat/completions HTTP/1.1" 200 OK
(APIServer pid=1) INFO 09-29 01:47:14 [loggers.py:310] Engine 000: Avg prompt throughput: 546.1 tokens/s, Avg generation throughput: 42.9 tokens/s, Running: 1 reqs, Waiting: 1 reqs, GPU KV cache usage: 27.3%, Prefix cache hit rate: 79.2%
(APIServer pid=1) INFO 09-29 01:47:14 [metrics.py:120] SpecDecoding metrics: Mean acceptance length: 2.49, Accepted throughput: 25.60 tokens/s, Drafted throughput: 51.59 tokens/s, Accepted: 256 tokens, Drafted: 516 tokens, Per-position acceptance rate: 0.680, 0.471, 0.337, Avg Draft acceptance rate: 49.6%
(APIServer pid=1) INFO 09-29 01:47:24 [loggers.py:310] Engine 000: Avg prompt throughput: 0.0 tokens/s, Avg generation throughput: 38.3 tokens/s, Running: 1 reqs, Waiting: 0 reqs, GPU KV cache usage: 23.2%, Prefix cache hit rate: 79.2%
(APIServer pid=1) INFO 09-29 01:47:24 [metrics.py:120] SpecDecoding metrics: Mean acceptance length: 3.30, Accepted throughput: 26.70 tokens/s, Drafted throughput: 34.80 tokens/s, Accepted: 267 tokens, Drafted: 348 tokens, Per-position acceptance rate: 0.853, 0.776, 0.672, Avg Draft acceptance rate: 76.7%
(APIServer pid=1) INFO 09-29 01:47:34 [loggers.py:310] Engine 000: Avg prompt throughput: 894.2 tokens/s, Avg generation throughput: 13.2 tokens/s, Running: 0 reqs, Waiting: 0 reqs, GPU KV cache usage: 0.0%, Prefix cache hit rate: 79.2%
(APIServer pid=1) INFO 09-29 01:47:34 [metrics.py:120] SpecDecoding metrics: Mean acceptance length: 3.45, Accepted throughput: 9.30 tokens/s, Drafted throughput: 11.40 tokens/s, Accepted: 93 tokens, Drafted: 114 tokens, Per-position acceptance rate: 0.921, 0.816, 0.711, Avg Draft acceptance rate: 81.6%
(APIServer pid=1) INFO 09-29 01:47:44 [loggers.py:310] Engine 000: Avg prompt throughput: 0.0 tokens/s, Avg generation throughput: 0.0 tokens/s, Running: 0 reqs, Waiting: 0 reqs, GPU KV cache usage: 0.0%, Prefix cache hit rate: 79.2%
(APIServer pid=1) INFO:     <client_2>:53340 - "POST /v1/chat/completions HTTP/1.1" 200 OK
(APIServer pid=1) INFO:     <client_2>:53342 - "POST /v1/chat/completions HTTP/1.1" 200 OK
(APIServer pid=1) INFO 09-29 01:48:04 [loggers.py:310] Engine 000: Avg prompt throughput: 586.8 tokens/s, Avg generation throughput: 8.7 tokens/s, Running: 1 reqs, Waiting: 0 reqs, GPU KV cache usage: 23.2%, Prefix cache hit rate: 79.4%
(APIServer pid=1) INFO 09-29 01:48:04 [metrics.py:120] SpecDecoding metrics: Mean acceptance length: 3.11, Accepted throughput: 1.97 tokens/s, Drafted throughput: 2.80 tokens/s, Accepted: 59 tokens, Drafted: 84 tokens, Per-position acceptance rate: 0.821, 0.679, 0.607, Avg Draft acceptance rate: 70.2%
(APIServer pid=1) INFO:     <client_2>:53357 - "POST /v1/chat/completions HTTP/1.1" 200 OK
(APIServer pid=1) INFO 09-29 01:48:14 [loggers.py:310] Engine 000: Avg prompt throughput: 912.9 tokens/s, Avg generation throughput: 17.0 tokens/s, Running: 0 reqs, Waiting: 1 reqs, GPU KV cache usage: 0.0%, Prefix cache hit rate: 79.4%
(APIServer pid=1) INFO 09-29 01:48:14 [metrics.py:120] SpecDecoding metrics: Mean acceptance length: 2.58, Accepted throughput: 10.40 tokens/s, Drafted throughput: 19.80 tokens/s, Accepted: 104 tokens, Drafted: 198 tokens, Per-position acceptance rate: 0.742, 0.485, 0.348, Avg Draft acceptance rate: 52.5%
(APIServer pid=1) INFO:     <client_2>:53342 - "POST /v1/chat/completions HTTP/1.1" 200 OK
(APIServer pid=1) INFO 09-29 01:48:24 [loggers.py:310] Engine 000: Avg prompt throughput: 0.0 tokens/s, Avg generation throughput: 0.0 tokens/s, Running: 1 reqs, Waiting: 1 reqs, GPU KV cache usage: 16.5%, Prefix cache hit rate: 78.4%
(APIServer pid=1) INFO 09-29 01:48:54 [loggers.py:310] Engine 000: Avg prompt throughput: 5714.2 tokens/s, Avg generation throughput: 0.4 tokens/s, Running: 1 reqs, Waiting: 1 reqs, GPU KV cache usage: 27.3%, Prefix cache hit rate: 78.4%
(APIServer pid=1) INFO 09-29 01:48:54 [metrics.py:120] SpecDecoding metrics: Mean acceptance length: 1.00, Accepted throughput: 0.00 tokens/s, Drafted throughput: 0.22 tokens/s, Accepted: 0 tokens, Drafted: 9 tokens, Per-position acceptance rate: 0.000, 0.000, 0.000, Avg Draft acceptance rate: 0.0%
(APIServer pid=1) INFO 09-29 01:49:04 [loggers.py:310] Engine 000: Avg prompt throughput: 0.0 tokens/s, Avg generation throughput: 18.5 tokens/s, Running: 1 reqs, Waiting: 0 reqs, GPU KV cache usage: 24.7%, Prefix cache hit rate: 78.4%
(APIServer pid=1) INFO 09-29 01:49:04 [metrics.py:120] SpecDecoding metrics: Mean acceptance length: 3.49, Accepted throughput: 13.20 tokens/s, Drafted throughput: 15.90 tokens/s, Accepted: 132 tokens, Drafted: 159 tokens, Per-position acceptance rate: 0.849, 0.849, 0.792, Avg Draft acceptance rate: 83.0%
(APIServer pid=1) INFO:     <client_2>:53342 - "POST /v1/chat/completions HTTP/1.1" 400 Bad Request
(APIServer pid=1) INFO 09-29 01:49:14 [loggers.py:310] Engine 000: Avg prompt throughput: 922.4 tokens/s, Avg generation throughput: 12.7 tokens/s, Running: 0 reqs, Waiting: 0 reqs, GPU KV cache usage: 0.0%, Prefix cache hit rate: 78.4%
(APIServer pid=1) INFO 09-29 01:49:14 [metrics.py:120] SpecDecoding metrics: Mean acceptance length: 3.10, Accepted throughput: 8.60 tokens/s, Drafted throughput: 12.30 tokens/s, Accepted: 86 tokens, Drafted: 123 tokens, Per-position acceptance rate: 0.854, 0.683, 0.561, Avg Draft acceptance rate: 69.9%
(APIServer pid=1) INFO:     <client_2>:59653 - "POST /v1/chat/completions HTTP/1.1" 200 OK
(APIServer pid=1) INFO 09-29 01:49:24 [loggers.py:310] Engine 000: Avg prompt throughput: 0.0 tokens/s, Avg generation throughput: 0.0 tokens/s, Running: 1 reqs, Waiting: 0 reqs, GPU KV cache usage: 28.9%, Prefix cache hit rate: 78.4%
(APIServer pid=1) INFO 09-29 01:49:34 [loggers.py:310] Engine 000: Avg prompt throughput: 1145.3 tokens/s, Avg generation throughput: 44.8 tokens/s, Running: 1 reqs, Waiting: 0 reqs, GPU KV cache usage: 27.8%, Prefix cache hit rate: 78.4%
(APIServer pid=1) INFO 09-29 01:49:34 [metrics.py:120] SpecDecoding metrics: Mean acceptance length: 2.22, Accepted throughput: 12.30 tokens/s, Drafted throughput: 30.15 tokens/s, Accepted: 246 tokens, Drafted: 603 tokens, Per-position acceptance rate: 0.607, 0.383, 0.234, Avg Draft acceptance rate: 40.8%
(APIServer pid=1) INFO 09-29 01:49:44 [loggers.py:310] Engine 000: Avg prompt throughput: 0.0 tokens/s, Avg generation throughput: 60.8 tokens/s, Running: 1 reqs, Waiting: 0 reqs, GPU KV cache usage: 27.8%, Prefix cache hit rate: 78.4%
(APIServer pid=1) INFO 09-29 01:49:44 [metrics.py:120] SpecDecoding metrics: Mean acceptance length: 2.12, Accepted throughput: 32.10 tokens/s, Drafted throughput: 86.09 tokens/s, Accepted: 321 tokens, Drafted: 861 tokens, Per-position acceptance rate: 0.564, 0.338, 0.216, Avg Draft acceptance rate: 37.3%
(APIServer pid=1) INFO 09-29 01:49:54 [loggers.py:310] Engine 000: Avg prompt throughput: 0.0 tokens/s, Avg generation throughput: 63.8 tokens/s, Running: 1 reqs, Waiting: 0 reqs, GPU KV cache usage: 28.4%, Prefix cache hit rate: 78.4%
(APIServer pid=1) INFO 09-29 01:49:54 [metrics.py:120] SpecDecoding metrics: Mean acceptance length: 2.26, Accepted throughput: 35.60 tokens/s, Drafted throughput: 84.60 tokens/s, Accepted: 356 tokens, Drafted: 846 tokens, Per-position acceptance rate: 0.635, 0.379, 0.248, Avg Draft acceptance rate: 42.1%
(APIServer pid=1) INFO 09-29 01:50:04 [loggers.py:310] Engine 000: Avg prompt throughput: 0.0 tokens/s, Avg generation throughput: 66.5 tokens/s, Running: 1 reqs, Waiting: 0 reqs, GPU KV cache usage: 28.4%, Prefix cache hit rate: 78.4%
(APIServer pid=1) INFO 09-29 01:50:04 [metrics.py:120] SpecDecoding metrics: Mean acceptance length: 2.59, Accepted throughput: 40.80 tokens/s, Drafted throughput: 77.10 tokens/s, Accepted: 408 tokens, Drafted: 771 tokens, Per-position acceptance rate: 0.724, 0.498, 0.366, Avg Draft acceptance rate: 52.9%
(APIServer pid=1) INFO 09-29 01:50:14 [loggers.py:310] Engine 000: Avg prompt throughput: 0.0 tokens/s, Avg generation throughput: 54.9 tokens/s, Running: 1 reqs, Waiting: 0 reqs, GPU KV cache usage: 28.4%, Prefix cache hit rate: 78.4%
(APIServer pid=1) INFO 09-29 01:50:14 [metrics.py:120] SpecDecoding metrics: Mean acceptance length: 1.95, Accepted throughput: 26.80 tokens/s, Drafted throughput: 84.30 tokens/s, Accepted: 268 tokens, Drafted: 843 tokens, Per-position acceptance rate: 0.534, 0.263, 0.157, Avg Draft acceptance rate: 31.8%
(APIServer pid=1) INFO 09-29 01:50:24 [loggers.py:310] Engine 000: Avg prompt throughput: 0.0 tokens/s, Avg generation throughput: 59.5 tokens/s, Running: 1 reqs, Waiting: 0 reqs, GPU KV cache usage: 28.9%, Prefix cache hit rate: 78.4%
(APIServer pid=1) INFO 09-29 01:50:24 [metrics.py:120] SpecDecoding metrics: Mean acceptance length: 2.29, Accepted throughput: 33.50 tokens/s, Drafted throughput: 77.99 tokens/s, Accepted: 335 tokens, Drafted: 780 tokens, Per-position acceptance rate: 0.619, 0.419, 0.250, Avg Draft acceptance rate: 42.9%
(APIServer pid=1) INFO 09-29 01:50:34 [loggers.py:310] Engine 000: Avg prompt throughput: 0.0 tokens/s, Avg generation throughput: 57.0 tokens/s, Running: 1 reqs, Waiting: 0 reqs, GPU KV cache usage: 28.9%, Prefix cache hit rate: 78.4%
(APIServer pid=1) INFO 09-29 01:50:34 [metrics.py:120] SpecDecoding metrics: Mean acceptance length: 2.01, Accepted throughput: 28.70 tokens/s, Drafted throughput: 84.90 tokens/s, Accepted: 287 tokens, Drafted: 849 tokens, Per-position acceptance rate: 0.530, 0.314, 0.170, Avg Draft acceptance rate: 33.8%
(APIServer pid=1) INFO 09-29 01:50:44 [loggers.py:310] Engine 000: Avg prompt throughput: 0.0 tokens/s, Avg generation throughput: 57.0 tokens/s, Running: 1 reqs, Waiting: 0 reqs, GPU KV cache usage: 29.4%, Prefix cache hit rate: 78.4%
(APIServer pid=1) INFO 09-29 01:50:44 [metrics.py:120] SpecDecoding metrics: Mean acceptance length: 2.21, Accepted throughput: 31.20 tokens/s, Drafted throughput: 77.40 tokens/s, Accepted: 312 tokens, Drafted: 774 tokens, Per-position acceptance rate: 0.566, 0.380, 0.264, Avg Draft acceptance rate: 40.3%
(APIServer pid=1) INFO 09-29 01:50:54 [loggers.py:310] Engine 000: Avg prompt throughput: 0.0 tokens/s, Avg generation throughput: 55.0 tokens/s, Running: 1 reqs, Waiting: 0 reqs, GPU KV cache usage: 29.4%, Prefix cache hit rate: 78.4%
(APIServer pid=1) INFO 09-29 01:50:54 [metrics.py:120] SpecDecoding metrics: Mean acceptance length: 2.18, Accepted throughput: 29.80 tokens/s, Drafted throughput: 75.60 tokens/s, Accepted: 298 tokens, Drafted: 756 tokens, Per-position acceptance rate: 0.563, 0.381, 0.238, Avg Draft acceptance rate: 39.4%
(APIServer pid=1) INFO 09-29 01:51:04 [loggers.py:310] Engine 000: Avg prompt throughput: 0.0 tokens/s, Avg generation throughput: 60.5 tokens/s, Running: 1 reqs, Waiting: 0 reqs, GPU KV cache usage: 29.4%, Prefix cache hit rate: 78.4%
(APIServer pid=1) INFO 09-29 01:51:04 [metrics.py:120] SpecDecoding metrics: Mean acceptance length: 2.24, Accepted throughput: 33.50 tokens/s, Drafted throughput: 81.00 tokens/s, Accepted: 335 tokens, Drafted: 810 tokens, Per-position acceptance rate: 0.589, 0.393, 0.259, Avg Draft acceptance rate: 41.4%
(APIServer pid=1) INFO 09-29 01:51:14 [loggers.py:310] Engine 000: Avg prompt throughput: 0.0 tokens/s, Avg generation throughput: 58.2 tokens/s, Running: 1 reqs, Waiting: 0 reqs, GPU KV cache usage: 29.9%, Prefix cache hit rate: 78.4%
(APIServer pid=1) INFO 09-29 01:51:14 [metrics.py:120] SpecDecoding metrics: Mean acceptance length: 2.20, Accepted throughput: 31.70 tokens/s, Drafted throughput: 79.50 tokens/s, Accepted: 317 tokens, Drafted: 795 tokens, Per-position acceptance rate: 0.574, 0.366, 0.257, Avg Draft acceptance rate: 39.9%
(APIServer pid=1) INFO 09-29 01:51:24 [loggers.py:310] Engine 000: Avg prompt throughput: 0.0 tokens/s, Avg generation throughput: 54.9 tokens/s, Running: 1 reqs, Waiting: 0 reqs, GPU KV cache usage: 29.9%, Prefix cache hit rate: 78.4%
(APIServer pid=1) INFO 09-29 01:51:24 [metrics.py:120] SpecDecoding metrics: Mean acceptance length: 2.20, Accepted throughput: 29.90 tokens/s, Drafted throughput: 75.00 tokens/s, Accepted: 299 tokens, Drafted: 750 tokens, Per-position acceptance rate: 0.576, 0.372, 0.248, Avg Draft acceptance rate: 39.9%
(APIServer pid=1) INFO 09-29 01:51:34 [loggers.py:310] Engine 000: Avg prompt throughput: 0.0 tokens/s, Avg generation throughput: 59.8 tokens/s, Running: 1 reqs, Waiting: 0 reqs, GPU KV cache usage: 29.9%, Prefix cache hit rate: 78.4%
(APIServer pid=1) INFO 09-29 01:51:34 [metrics.py:120] SpecDecoding metrics: Mean acceptance length: 2.34, Accepted throughput: 34.20 tokens/s, Drafted throughput: 76.80 tokens/s, Accepted: 342 tokens, Drafted: 768 tokens, Per-position acceptance rate: 0.637, 0.422, 0.277, Avg Draft acceptance rate: 44.5%
(APIServer pid=1) INFO 09-29 01:51:44 [loggers.py:310] Engine 000: Avg prompt throughput: 0.0 tokens/s, Avg generation throughput: 51.8 tokens/s, Running: 1 reqs, Waiting: 0 reqs, GPU KV cache usage: 30.4%, Prefix cache hit rate: 78.4%
(APIServer pid=1) INFO 09-29 01:51:44 [metrics.py:120] SpecDecoding metrics: Mean acceptance length: 2.07, Accepted throughput: 26.80 tokens/s, Drafted throughput: 75.00 tokens/s, Accepted: 268 tokens, Drafted: 750 tokens, Per-position acceptance rate: 0.544, 0.336, 0.192, Avg Draft acceptance rate: 35.7%
(APIServer pid=1) INFO 09-29 01:51:54 [loggers.py:310] Engine 000: Avg prompt throughput: 0.0 tokens/s, Avg generation throughput: 52.0 tokens/s, Running: 1 reqs, Waiting: 0 reqs, GPU KV cache usage: 30.4%, Prefix cache hit rate: 78.4%
(APIServer pid=1) INFO 09-29 01:51:54 [metrics.py:120] SpecDecoding metrics: Mean acceptance length: 2.23, Accepted throughput: 28.70 tokens/s, Drafted throughput: 69.90 tokens/s, Accepted: 287 tokens, Drafted: 699 tokens, Per-position acceptance rate: 0.592, 0.373, 0.266, Avg Draft acceptance rate: 41.1%
(APIServer pid=1) INFO 09-29 01:52:04 [loggers.py:310] Engine 000: Avg prompt throughput: 0.0 tokens/s, Avg generation throughput: 58.8 tokens/s, Running: 1 reqs, Waiting: 0 reqs, GPU KV cache usage: 30.4%, Prefix cache hit rate: 78.4%
(APIServer pid=1) INFO 09-29 01:52:04 [metrics.py:120] SpecDecoding metrics: Mean acceptance length: 2.05, Accepted throughput: 30.10 tokens/s, Drafted throughput: 86.09 tokens/s, Accepted: 301 tokens, Drafted: 861 tokens, Per-position acceptance rate: 0.526, 0.314, 0.209, Avg Draft acceptance rate: 35.0%
(APIServer pid=1) INFO 09-29 01:52:14 [loggers.py:310] Engine 000: Avg prompt throughput: 0.0 tokens/s, Avg generation throughput: 55.2 tokens/s, Running: 1 reqs, Waiting: 0 reqs, GPU KV cache usage: 30.9%, Prefix cache hit rate: 78.4%
(APIServer pid=1) INFO 09-29 01:52:14 [metrics.py:120] SpecDecoding metrics: Mean acceptance length: 2.16, Accepted throughput: 29.70 tokens/s, Drafted throughput: 76.50 tokens/s, Accepted: 297 tokens, Drafted: 765 tokens, Per-position acceptance rate: 0.533, 0.369, 0.263, Avg Draft acceptance rate: 38.8%
(APIServer pid=1) INFO 09-29 01:52:24 [loggers.py:310] Engine 000: Avg prompt throughput: 0.0 tokens/s, Avg generation throughput: 52.8 tokens/s, Running: 1 reqs, Waiting: 0 reqs, GPU KV cache usage: 30.9%, Prefix cache hit rate: 78.4%
(APIServer pid=1) INFO 09-29 01:52:24 [metrics.py:120] SpecDecoding metrics: Mean acceptance length: 1.98, Accepted throughput: 26.20 tokens/s, Drafted throughput: 79.80 tokens/s, Accepted: 262 tokens, Drafted: 798 tokens, Per-position acceptance rate: 0.545, 0.282, 0.158, Avg Draft acceptance rate: 32.8%
(APIServer pid=1) INFO 09-29 01:52:34 [loggers.py:310] Engine 000: Avg prompt throughput: 0.0 tokens/s, Avg generation throughput: 50.3 tokens/s, Running: 1 reqs, Waiting: 0 reqs, GPU KV cache usage: 30.9%, Prefix cache hit rate: 78.4%
(APIServer pid=1) INFO 09-29 01:52:34 [metrics.py:120] SpecDecoding metrics: Mean acceptance length: 2.11, Accepted throughput: 26.50 tokens/s, Drafted throughput: 71.39 tokens/s, Accepted: 265 tokens, Drafted: 714 tokens, Per-position acceptance rate: 0.550, 0.349, 0.214, Avg Draft acceptance rate: 37.1%
(APIServer pid=1) INFO 09-29 01:52:44 [loggers.py:310] Engine 000: Avg prompt throughput: 0.0 tokens/s, Avg generation throughput: 53.1 tokens/s, Running: 1 reqs, Waiting: 0 reqs, GPU KV cache usage: 31.4%, Prefix cache hit rate: 78.4%
(APIServer pid=1) INFO 09-29 01:52:44 [metrics.py:120] SpecDecoding metrics: Mean acceptance length: 2.17, Accepted throughput: 28.60 tokens/s, Drafted throughput: 73.50 tokens/s, Accepted: 286 tokens, Drafted: 735 tokens, Per-position acceptance rate: 0.576, 0.363, 0.229, Avg Draft acceptance rate: 38.9%
(APIServer pid=1) INFO 09-29 01:52:54 [loggers.py:310] Engine 000: Avg prompt throughput: 0.0 tokens/s, Avg generation throughput: 59.2 tokens/s, Running: 1 reqs, Waiting: 0 reqs, GPU KV cache usage: 31.4%, Prefix cache hit rate: 78.4%
(APIServer pid=1) INFO 09-29 01:52:54 [metrics.py:120] SpecDecoding metrics: Mean acceptance length: 2.51, Accepted throughput: 35.60 tokens/s, Drafted throughput: 70.80 tokens/s, Accepted: 356 tokens, Drafted: 708 tokens, Per-position acceptance rate: 0.720, 0.449, 0.339, Avg Draft acceptance rate: 50.3%
(APIServer pid=1) INFO 09-29 01:53:04 [loggers.py:310] Engine 000: Avg prompt throughput: 0.0 tokens/s, Avg generation throughput: 49.9 tokens/s, Running: 1 reqs, Waiting: 0 reqs, GPU KV cache usage: 31.4%, Prefix cache hit rate: 78.4%
(APIServer pid=1) INFO 09-29 01:53:04 [metrics.py:120] SpecDecoding metrics: Mean acceptance length: 2.15, Accepted throughput: 26.70 tokens/s, Drafted throughput: 69.60 tokens/s, Accepted: 267 tokens, Drafted: 696 tokens, Per-position acceptance rate: 0.578, 0.353, 0.220, Avg Draft acceptance rate: 38.4%
(APIServer pid=1) INFO 09-29 01:53:14 [loggers.py:310] Engine 000: Avg prompt throughput: 0.0 tokens/s, Avg generation throughput: 52.4 tokens/s, Running: 1 reqs, Waiting: 0 reqs, GPU KV cache usage: 32.0%, Prefix cache hit rate: 78.4%
(APIServer pid=1) INFO 09-29 01:53:14 [metrics.py:120] SpecDecoding metrics: Mean acceptance length: 2.00, Accepted throughput: 26.20 tokens/s, Drafted throughput: 78.60 tokens/s, Accepted: 262 tokens, Drafted: 786 tokens, Per-position acceptance rate: 0.561, 0.271, 0.168, Avg Draft acceptance rate: 33.3%
(APIServer pid=1) INFO 09-29 01:53:24 [loggers.py:310] Engine 000: Avg prompt throughput: 0.0 tokens/s, Avg generation throughput: 54.0 tokens/s, Running: 1 reqs, Waiting: 0 reqs, GPU KV cache usage: 32.0%, Prefix cache hit rate: 78.4%
(APIServer pid=1) INFO 09-29 01:53:24 [metrics.py:120] SpecDecoding metrics: Mean acceptance length: 1.95, Accepted throughput: 26.30 tokens/s, Drafted throughput: 83.09 tokens/s, Accepted: 263 tokens, Drafted: 831 tokens, Per-position acceptance rate: 0.502, 0.278, 0.170, Avg Draft acceptance rate: 31.6%
(APIServer pid=1) INFO 09-29 01:53:34 [loggers.py:310] Engine 000: Avg prompt throughput: 0.0 tokens/s, Avg generation throughput: 63.7 tokens/s, Running: 1 reqs, Waiting: 0 reqs, GPU KV cache usage: 32.0%, Prefix cache hit rate: 78.4%
(APIServer pid=1) INFO 09-29 01:53:34 [metrics.py:120] SpecDecoding metrics: Mean acceptance length: 2.38, Accepted throughput: 36.90 tokens/s, Drafted throughput: 80.39 tokens/s, Accepted: 369 tokens, Drafted: 804 tokens, Per-position acceptance rate: 0.638, 0.422, 0.317, Avg Draft acceptance rate: 45.9%
(APIServer pid=1) INFO 09-29 01:53:44 [loggers.py:310] Engine 000: Avg prompt throughput: 0.0 tokens/s, Avg generation throughput: 63.3 tokens/s, Running: 1 reqs, Waiting: 0 reqs, GPU KV cache usage: 32.5%, Prefix cache hit rate: 78.4%
(APIServer pid=1) INFO 09-29 01:53:44 [metrics.py:120] SpecDecoding metrics: Mean acceptance length: 2.36, Accepted throughput: 36.50 tokens/s, Drafted throughput: 80.40 tokens/s, Accepted: 365 tokens, Drafted: 804 tokens, Per-position acceptance rate: 0.612, 0.429, 0.321, Avg Draft acceptance rate: 45.4%
(APIServer pid=1) INFO 09-29 01:53:54 [loggers.py:310] Engine 000: Avg prompt throughput: 0.0 tokens/s, Avg generation throughput: 62.1 tokens/s, Running: 1 reqs, Waiting: 0 reqs, GPU KV cache usage: 32.5%, Prefix cache hit rate: 78.4%
(APIServer pid=1) INFO 09-29 01:53:54 [metrics.py:120] SpecDecoding metrics: Mean acceptance length: 2.53, Accepted throughput: 37.60 tokens/s, Drafted throughput: 73.50 tokens/s, Accepted: 376 tokens, Drafted: 735 tokens, Per-position acceptance rate: 0.669, 0.506, 0.359, Avg Draft acceptance rate: 51.2%
(APIServer pid=1) INFO 09-29 01:54:04 [loggers.py:310] Engine 000: Avg prompt throughput: 0.0 tokens/s, Avg generation throughput: 60.0 tokens/s, Running: 1 reqs, Waiting: 0 reqs, GPU KV cache usage: 33.0%, Prefix cache hit rate: 78.4%
(APIServer pid=1) INFO 09-29 01:54:04 [metrics.py:120] SpecDecoding metrics: Mean acceptance length: 2.32, Accepted throughput: 34.10 tokens/s, Drafted throughput: 77.69 tokens/s, Accepted: 341 tokens, Drafted: 777 tokens, Per-position acceptance rate: 0.618, 0.417, 0.282, Avg Draft acceptance rate: 43.9%
(APIServer pid=1) INFO 09-29 01:54:14 [loggers.py:310] Engine 000: Avg prompt throughput: 0.0 tokens/s, Avg generation throughput: 57.0 tokens/s, Running: 1 reqs, Waiting: 0 reqs, GPU KV cache usage: 33.0%, Prefix cache hit rate: 78.4%
(APIServer pid=1) INFO 09-29 01:54:14 [metrics.py:120] SpecDecoding metrics: Mean acceptance length: 2.36, Accepted throughput: 32.80 tokens/s, Drafted throughput: 72.60 tokens/s, Accepted: 328 tokens, Drafted: 726 tokens, Per-position acceptance rate: 0.640, 0.434, 0.281, Avg Draft acceptance rate: 45.2%
(APIServer pid=1) INFO 09-29 01:54:24 [loggers.py:310] Engine 000: Avg prompt throughput: 0.0 tokens/s, Avg generation throughput: 56.4 tokens/s, Running: 1 reqs, Waiting: 0 reqs, GPU KV cache usage: 33.0%, Prefix cache hit rate: 78.4%
(APIServer pid=1) INFO 09-29 01:54:24 [metrics.py:120] SpecDecoding metrics: Mean acceptance length: 2.21, Accepted throughput: 30.90 tokens/s, Drafted throughput: 76.50 tokens/s, Accepted: 309 tokens, Drafted: 765 tokens, Per-position acceptance rate: 0.580, 0.369, 0.263, Avg Draft acceptance rate: 40.4%
(APIServer pid=1) INFO 09-29 01:54:34 [loggers.py:310] Engine 000: Avg prompt throughput: 0.0 tokens/s, Avg generation throughput: 60.0 tokens/s, Running: 1 reqs, Waiting: 0 reqs, GPU KV cache usage: 33.5%, Prefix cache hit rate: 78.4%
(APIServer pid=1) INFO 09-29 01:54:34 [metrics.py:120] SpecDecoding metrics: Mean acceptance length: 2.46, Accepted throughput: 35.60 tokens/s, Drafted throughput: 73.19 tokens/s, Accepted: 356 tokens, Drafted: 732 tokens, Per-position acceptance rate: 0.664, 0.451, 0.344, Avg Draft acceptance rate: 48.6%
(APIServer pid=1) INFO 09-29 01:54:44 [loggers.py:310] Engine 000: Avg prompt throughput: 0.0 tokens/s, Avg generation throughput: 64.3 tokens/s, Running: 1 reqs, Waiting: 0 reqs, GPU KV cache usage: 33.5%, Prefix cache hit rate: 78.4%
(APIServer pid=1) INFO 09-29 01:54:44 [metrics.py:120] SpecDecoding metrics: Mean acceptance length: 2.56, Accepted throughput: 39.20 tokens/s, Drafted throughput: 75.30 tokens/s, Accepted: 392 tokens, Drafted: 753 tokens, Per-position acceptance rate: 0.677, 0.506, 0.378, Avg Draft acceptance rate: 52.1%
(APIServer pid=1) INFO 09-29 01:54:54 [loggers.py:310] Engine 000: Avg prompt throughput: 0.0 tokens/s, Avg generation throughput: 50.2 tokens/s, Running: 1 reqs, Waiting: 0 reqs, GPU KV cache usage: 33.5%, Prefix cache hit rate: 78.4%
(APIServer pid=1) INFO 09-29 01:54:54 [metrics.py:120] SpecDecoding metrics: Mean acceptance length: 2.43, Accepted throughput: 29.50 tokens/s, Drafted throughput: 62.10 tokens/s, Accepted: 295 tokens, Drafted: 621 tokens, Per-position acceptance rate: 0.647, 0.473, 0.304, Avg Draft acceptance rate: 47.5%
(APIServer pid=1) INFO 09-29 01:55:04 [loggers.py:310] Engine 000: Avg prompt throughput: 0.0 tokens/s, Avg generation throughput: 54.8 tokens/s, Running: 1 reqs, Waiting: 0 reqs, GPU KV cache usage: 34.0%, Prefix cache hit rate: 78.4%
(APIServer pid=1) INFO 09-29 01:55:04 [metrics.py:120] SpecDecoding metrics: Mean acceptance length: 2.48, Accepted throughput: 32.70 tokens/s, Drafted throughput: 66.29 tokens/s, Accepted: 327 tokens, Drafted: 663 tokens, Per-position acceptance rate: 0.665, 0.466, 0.348, Avg Draft acceptance rate: 49.3%
(APIServer pid=1) INFO 09-29 01:55:14 [loggers.py:310] Engine 000: Avg prompt throughput: 0.0 tokens/s, Avg generation throughput: 50.6 tokens/s, Running: 1 reqs, Waiting: 0 reqs, GPU KV cache usage: 34.0%, Prefix cache hit rate: 78.4%
(APIServer pid=1) INFO 09-29 01:55:14 [metrics.py:120] SpecDecoding metrics: Mean acceptance length: 2.31, Accepted throughput: 28.70 tokens/s, Drafted throughput: 65.70 tokens/s, Accepted: 287 tokens, Drafted: 657 tokens, Per-position acceptance rate: 0.626, 0.397, 0.288, Avg Draft acceptance rate: 43.7%
(APIServer pid=1) INFO 09-29 01:55:24 [loggers.py:310] Engine 000: Avg prompt throughput: 0.0 tokens/s, Avg generation throughput: 59.3 tokens/s, Running: 1 reqs, Waiting: 0 reqs, GPU KV cache usage: 34.0%, Prefix cache hit rate: 78.4%
(APIServer pid=1) INFO 09-29 01:55:24 [metrics.py:120] SpecDecoding metrics: Mean acceptance length: 2.91, Accepted throughput: 38.90 tokens/s, Drafted throughput: 61.19 tokens/s, Accepted: 389 tokens, Drafted: 612 tokens, Per-position acceptance rate: 0.765, 0.647, 0.495, Avg Draft acceptance rate: 63.6%
(APIServer pid=1) INFO 09-29 01:55:34 [loggers.py:310] Engine 000: Avg prompt throughput: 0.0 tokens/s, Avg generation throughput: 60.1 tokens/s, Running: 1 reqs, Waiting: 0 reqs, GPU KV cache usage: 34.5%, Prefix cache hit rate: 78.4%
(APIServer pid=1) INFO 09-29 01:55:34 [metrics.py:120] SpecDecoding metrics: Mean acceptance length: 3.64, Accepted throughput: 43.60 tokens/s, Drafted throughput: 49.50 tokens/s, Accepted: 436 tokens, Drafted: 495 tokens, Per-position acceptance rate: 0.970, 0.909, 0.764, Avg Draft acceptance rate: 88.1%
(APIServer pid=1) INFO 09-29 01:55:44 [loggers.py:310] Engine 000: Avg prompt throughput: 0.0 tokens/s, Avg generation throughput: 55.6 tokens/s, Running: 1 reqs, Waiting: 0 reqs, GPU KV cache usage: 34.5%, Prefix cache hit rate: 78.4%
(APIServer pid=1) INFO 09-29 01:55:44 [metrics.py:120] SpecDecoding metrics: Mean acceptance length: 3.07, Accepted throughput: 37.50 tokens/s, Drafted throughput: 54.30 tokens/s, Accepted: 375 tokens, Drafted: 543 tokens, Per-position acceptance rate: 0.807, 0.702, 0.564, Avg Draft acceptance rate: 69.1%
(APIServer pid=1) INFO 09-29 01:55:54 [loggers.py:310] Engine 000: Avg prompt throughput: 0.0 tokens/s, Avg generation throughput: 53.3 tokens/s, Running: 1 reqs, Waiting: 0 reqs, GPU KV cache usage: 34.5%, Prefix cache hit rate: 78.4%
(APIServer pid=1) INFO 09-29 01:55:54 [metrics.py:120] SpecDecoding metrics: Mean acceptance length: 1.94, Accepted throughput: 25.80 tokens/s, Drafted throughput: 82.49 tokens/s, Accepted: 258 tokens, Drafted: 825 tokens, Per-position acceptance rate: 0.495, 0.269, 0.175, Avg Draft acceptance rate: 31.3%
(APIServer pid=1) INFO 09-29 01:56:04 [loggers.py:310] Engine 000: Avg prompt throughput: 0.0 tokens/s, Avg generation throughput: 54.0 tokens/s, Running: 1 reqs, Waiting: 0 reqs, GPU KV cache usage: 35.1%, Prefix cache hit rate: 78.4%
(APIServer pid=1) INFO 09-29 01:56:04 [metrics.py:120] SpecDecoding metrics: Mean acceptance length: 1.88, Accepted throughput: 25.20 tokens/s, Drafted throughput: 86.40 tokens/s, Accepted: 252 tokens, Drafted: 864 tokens, Per-position acceptance rate: 0.462, 0.253, 0.160, Avg Draft acceptance rate: 29.2%
(APIServer pid=1) INFO 09-29 01:56:14 [loggers.py:310] Engine 000: Avg prompt throughput: 0.0 tokens/s, Avg generation throughput: 54.8 tokens/s, Running: 1 reqs, Waiting: 0 reqs, GPU KV cache usage: 35.1%, Prefix cache hit rate: 78.4%
(APIServer pid=1) INFO 09-29 01:56:14 [metrics.py:120] SpecDecoding metrics: Mean acceptance length: 2.12, Accepted throughput: 29.00 tokens/s, Drafted throughput: 77.39 tokens/s, Accepted: 290 tokens, Drafted: 774 tokens, Per-position acceptance rate: 0.589, 0.314, 0.221, Avg Draft acceptance rate: 37.5%
(APIServer pid=1) INFO 09-29 01:56:24 [loggers.py:310] Engine 000: Avg prompt throughput: 0.0 tokens/s, Avg generation throughput: 51.9 tokens/s, Running: 1 reqs, Waiting: 0 reqs, GPU KV cache usage: 35.1%, Prefix cache hit rate: 78.4%
(APIServer pid=1) INFO 09-29 01:56:24 [metrics.py:120] SpecDecoding metrics: Mean acceptance length: 2.26, Accepted throughput: 28.90 tokens/s, Drafted throughput: 68.99 tokens/s, Accepted: 289 tokens, Drafted: 690 tokens, Per-position acceptance rate: 0.574, 0.383, 0.300, Avg Draft acceptance rate: 41.9%
(APIServer pid=1) INFO 09-29 01:56:34 [loggers.py:310] Engine 000: Avg prompt throughput: 0.0 tokens/s, Avg generation throughput: 55.1 tokens/s, Running: 1 reqs, Waiting: 0 reqs, GPU KV cache usage: 35.6%, Prefix cache hit rate: 78.4%
(APIServer pid=1) INFO 09-29 01:56:34 [metrics.py:120] SpecDecoding metrics: Mean acceptance length: 2.96, Accepted throughput: 36.50 tokens/s, Drafted throughput: 55.80 tokens/s, Accepted: 365 tokens, Drafted: 558 tokens, Per-position acceptance rate: 0.817, 0.661, 0.484, Avg Draft acceptance rate: 65.4%
(APIServer pid=1) INFO 09-29 01:56:44 [loggers.py:310] Engine 000: Avg prompt throughput: 0.0 tokens/s, Avg generation throughput: 54.6 tokens/s, Running: 1 reqs, Waiting: 0 reqs, GPU KV cache usage: 35.6%, Prefix cache hit rate: 78.4%
(APIServer pid=1) INFO 09-29 01:56:44 [metrics.py:120] SpecDecoding metrics: Mean acceptance length: 2.80, Accepted throughput: 35.10 tokens/s, Drafted throughput: 58.50 tokens/s, Accepted: 351 tokens, Drafted: 585 tokens, Per-position acceptance rate: 0.785, 0.579, 0.436, Avg Draft acceptance rate: 60.0%
(APIServer pid=1) INFO 09-29 01:56:54 [loggers.py:310] Engine 000: Avg prompt throughput: 0.0 tokens/s, Avg generation throughput: 51.7 tokens/s, Running: 1 reqs, Waiting: 0 reqs, GPU KV cache usage: 38.1%, Prefix cache hit rate: 78.4%
(APIServer pid=1) INFO 09-29 01:56:54 [metrics.py:120] SpecDecoding metrics: Mean acceptance length: 2.65, Accepted throughput: 32.20 tokens/s, Drafted throughput: 58.50 tokens/s, Accepted: 322 tokens, Drafted: 585 tokens, Per-position acceptance rate: 0.703, 0.538, 0.410, Avg Draft acceptance rate: 55.0%
(APIServer pid=1) INFO 09-29 01:57:04 [loggers.py:310] Engine 000: Avg prompt throughput: 0.0 tokens/s, Avg generation throughput: 57.8 tokens/s, Running: 1 reqs, Waiting: 0 reqs, GPU KV cache usage: 36.1%, Prefix cache hit rate: 78.4%
(APIServer pid=1) INFO 09-29 01:57:04 [metrics.py:120] SpecDecoding metrics: Mean acceptance length: 2.93, Accepted throughput: 38.10 tokens/s, Drafted throughput: 59.10 tokens/s, Accepted: 381 tokens, Drafted: 591 tokens, Per-position acceptance rate: 0.777, 0.640, 0.518, Avg Draft acceptance rate: 64.5%
(APIServer pid=1) INFO 09-29 01:57:14 [loggers.py:310] Engine 000: Avg prompt throughput: 0.0 tokens/s, Avg generation throughput: 52.4 tokens/s, Running: 1 reqs, Waiting: 0 reqs, GPU KV cache usage: 36.1%, Prefix cache hit rate: 78.4%
(APIServer pid=1) INFO 09-29 01:57:14 [metrics.py:120] SpecDecoding metrics: Mean acceptance length: 2.58, Accepted throughput: 32.10 tokens/s, Drafted throughput: 60.90 tokens/s, Accepted: 321 tokens, Drafted: 609 tokens, Per-position acceptance rate: 0.695, 0.507, 0.379, Avg Draft acceptance rate: 52.7%
(APIServer pid=1) INFO 09-29 01:57:24 [loggers.py:310] Engine 000: Avg prompt throughput: 0.0 tokens/s, Avg generation throughput: 38.0 tokens/s, Running: 0 reqs, Waiting: 0 reqs, GPU KV cache usage: 0.0%, Prefix cache hit rate: 78.4%
(APIServer pid=1) INFO 09-29 01:57:24 [metrics.py:120] SpecDecoding metrics: Mean acceptance length: 2.48, Accepted throughput: 22.80 tokens/s, Drafted throughput: 46.20 tokens/s, Accepted: 228 tokens, Drafted: 462 tokens, Per-position acceptance rate: 0.682, 0.461, 0.338, Avg Draft acceptance rate: 49.4%
(APIServer pid=1) INFO 09-29 01:57:34 [loggers.py:310] Engine 000: Avg prompt throughput: 0.0 tokens/s, Avg generation throughput: 0.0 tokens/s, Running: 0 reqs, Waiting: 0 reqs, GPU KV cache usage: 0.0%, Prefix cache hit rate: 78.4%
(APIServer pid=1) INFO:     <client_2>:49464 - "POST /v1/chat/completions HTTP/1.1" 400 Bad Request
