{
  "timings": {
    "cache_n": 0,
    "prompt_n": 47,
    "prompt_ms": 228.246,
    "prompt_per_token_ms": 4.856297872340425,
    "prompt_per_second": 205.9181760030844,
    "predicted_n": 8192,
    "predicted_ms": 234302.79,
    "predicted_per_token_ms": 28.601414794921876,
    "predicted_per_second": 34.963305387870115,
    "draft_n": 4993,
    "draft_n_accepted": 4524
  },
  "usage": {
    "completion_tokens": 8192,
    "prompt_tokens": 47,
    "total_tokens": 8239,
    "prompt_tokens_details": {
      "cached_tokens": 0
    }
  }
}