{
  "timings": {
    "cache_n": 0,
    "prompt_n": 47,
    "prompt_ms": 206.266,
    "prompt_per_token_ms": 4.38863829787234,
    "prompt_per_second": 227.8611113804505,
    "predicted_n": 6855,
    "predicted_ms": 182216.392,
    "predicted_per_token_ms": 26.581530561633844,
    "predicted_per_second": 37.620106098906845,
    "draft_n": 4125,
    "draft_n_accepted": 3792
  },
  "usage": {
    "completion_tokens": 6855,
    "prompt_tokens": 47,
    "total_tokens": 6902,
    "prompt_tokens_details": {
      "cached_tokens": 0
    }
  }
}
